time,open,high,low,close,EMA,RSI,RSI-based MA,Upper Bollinger Band,Lower Bollinger Band,Regular Bullish,Regular Bullish Label,Regular Bearish,Regular Bearish Label,ADX
-4323290638,20.65,20.65,20.65,20.65,NaN,NaN,NaN,NaN,NaN,NaN,NaN,NaN,NaN,NaN
-4291754638,20.65,20.65,20.65,20.65,NaN,NaN,NaN,NaN,NaN,NaN,NaN,NaN,NaN,NaN
-4260218638,20.65,20.65,20.65,20.65,NaN,NaN,NaN,NaN,NaN,NaN,NaN,NaN,NaN,NaN
-4228682638,20.65,20.65,20.65,20.65,NaN,NaN,NaN,NaN,NaN,NaN,NaN,NaN,NaN,NaN
-4196973838,20.65,20.65,20.65,20.65,NaN,NaN,NaN,NaN,NaN,NaN,NaN,NaN,NaN,NaN
-4165524238,20.65,20.65,20.65,20.65,NaN,NaN,NaN,NaN,NaN,NaN,NaN,NaN,NaN,NaN
-4070829838,20.65,20.65,20.65,20.65,NaN,NaN,NaN,NaN,NaN,NaN,NaN,NaN,NaN,NaN
-4039121038,20.65,20.65,20.65,20.65,NaN,NaN,NaN,NaN,NaN,NaN,NaN,NaN,NaN,NaN
-4007671438,20.65,20.65,20.65,20.65,NaN,NaN,NaN,NaN,NaN,NaN,NaN,NaN,NaN,NaN
-3976221838,20.65,20.65,20.65,20.65,NaN,100,NaN,NaN,NaN,NaN,NaN,NaN,NaN,NaN
-3913063438,20.65,20.65,20.65,20.65,NaN,100,NaN,NaN,NaN,NaN,NaN,NaN,NaN,NaN
-3881527438,20.65,20.65,20.65,20.65,NaN,100,NaN,NaN,NaN,NaN,NaN,NaN,NaN,NaN
-3849818638,20.65,20.65,20.65,20.65,NaN,100,NaN,NaN,NaN,NaN,NaN,NaN,NaN,NaN
-3818369038,20.65,20.65,20.65,20.65,NaN,100,NaN,NaN,NaN,NaN,NaN,NaN,NaN,NaN
-3723761038,20.65,20.65,20.65,20.65,NaN,100,NaN,NaN,NaN,NaN,NaN,NaN,NaN,NaN
-3691965838,20.65,20.65,20.65,20.65,NaN,100,NaN,NaN,NaN,NaN,NaN,NaN,NaN,NaN
-3660516238,20.65,20.65,20.65,20.65,NaN,100,NaN,NaN,NaN,NaN,NaN,NaN,NaN,NaN
-3629066638,20.65,20.65,20.65,20.65,NaN,100,NaN,NaN,NaN,NaN,NaN,NaN,NaN,NaN
-3565908238,20.65,20.65,20.65,20.65,NaN,100,NaN,NaN,NaN,NaN,NaN,NaN,NaN,NaN
-3534372238,20.65,20.65,20.65,20.65,NaN,100,NaN,NaN,NaN,NaN,NaN,NaN,NaN,NaN
-3502663438,20.65,20.65,20.65,20.65,NaN,100,NaN,NaN,NaN,NaN,NaN,NaN,NaN,NaN
-3471213838,20.65,20.65,20.65,20.65,NaN,100,NaN,NaN,NaN,NaN,NaN,NaN,NaN,NaN
-3376605838,20.65,20.65,20.65,20.65,NaN,100,100,NaN,NaN,NaN,NaN,NaN,NaN,NaN
-3345069838,20.65,20.65,20.65,20.65,NaN,100,100,NaN,NaN,NaN,NaN,NaN,NaN,NaN
-3313361038,20.65,20.65,20.65,20.65,NaN,100,100,NaN,NaN,NaN,NaN,NaN,NaN,NaN
-3281911438,20.65,20.65,20.65,20.65,NaN,100,100,NaN,NaN,NaN,NaN,NaN,NaN,NaN
-3187217038,20.65,20.65,20.65,20.65,NaN,100,100,NaN,NaN,NaN,NaN,NaN,NaN,NaN
-3155508238,20.65,20.65,20.65,20.65,NaN,100,100,NaN,NaN,NaN,NaN,NaN,NaN,NaN
-3124058638,20.65,20.65,20.65,20.65,NaN,100,100,NaN,NaN,NaN,NaN,NaN,NaN,NaN
-3092609038,20.66,20.66,20.66,20.66,NaN,100,100,NaN,NaN,NaN,NaN,NaN,NaN,NaN
-3029450638,20.66,20.66,20.66,20.66,NaN,100,100,NaN,NaN,NaN,NaN,NaN,NaN,NaN
-2997914638,20.66,20.66,20.66,20.66,NaN,100,100,NaN,NaN,NaN,NaN,NaN,NaN,NaN
-2966205838,20.66,20.66,20.66,20.66,NaN,100,100,NaN,NaN,NaN,NaN,NaN,NaN,NaN
-2934756238,20.66,20.66,20.66,20.66,NaN,100,100,NaN,NaN,NaN,NaN,NaN,NaN,100
-2840148238,20.66,20.66,20.66,20.66,NaN,100,100,NaN,NaN,NaN,NaN,NaN,NaN,100
-2808353038,20.66,20.66,20.66,20.66,NaN,100,100,NaN,NaN,NaN,NaN,NaN,NaN,100
-2776903438,20.66,20.66,20.66,20.66,NaN,100,100,NaN,NaN,NaN,NaN,NaN,NaN,100
-2745453838,20.66,20.66,20.66,20.66,NaN,100,100,NaN,NaN,NaN,NaN,NaN,NaN,100
-2682295200,20.66,20.66,20.66,20.66,NaN,100,100,NaN,NaN,NaN,NaN,100,NaN,100
-2650759200,20.65,20.65,20.65,20.65,NaN,23.54425281262361,94.53887520090169,NaN,NaN,NaN,NaN,NaN,NaN,96.12148507319219
-2619050400,20.65,20.65,20.65,20.65,NaN,23.54425281262361,89.07775040180339,NaN,NaN,NaN,NaN,NaN,NaN,93.01867313174593
-2587600800,20.65,20.65,20.65,20.65,NaN,23.54425281262361,83.61662560270506,NaN,NaN,23.54425281262361,NaN,NaN,NaN,90.53642357858894
-2492992800,20.68,20.68,20.68,20.68,NaN,82.07702388372428,82.33641302297109,NaN,NaN,NaN,NaN,NaN,NaN,86.68758007372233
-2461456800,20.68,20.68,20.68,20.68,NaN,82.07702388372428,81.0562004432371,NaN,NaN,NaN,NaN,NaN,NaN,83.60850526982905
-2429748000,20.68,20.68,20.68,20.68,NaN,82.07702388372428,79.77598786350312,NaN,NaN,NaN,NaN,82.07702388372428,NaN,81.14524542671442
-2398298400,20.66,20.66,20.66,20.66,NaN,47.53403383965397,76.02841885204984,NaN,NaN,NaN,NaN,NaN,NaN,68.56461937842299
-2303604000,20.71,20.71,20.71,20.71,NaN,75.97349786261628,74.312240127951,NaN,NaN,NaN,NaN,NaN,NaN,65.87162976913862
-2271895200,20.71,20.71,20.71,20.71,NaN,75.97349786261628,72.59606140385216,NaN,NaN,NaN,NaN,NaN,NaN,63.717238081711145
-2240445600,20.66,20.66,20.66,20.66,NaN,45.0603454854446,68.6718003670982,NaN,NaN,NaN,NaN,NaN,NaN,55.22098251743045
-2208996000,20.68,20.68,20.68,20.68,20.6572,53.563054748469845,65.35487570627461,NaN,NaN,NaN,NaN,NaN,NaN,44.71809912417825
-2114388000,20.67,20.67,20.67,20.67,20.657701960784312,49.27354425744224,61.73155743894906,NaN,NaN,NaN,NaN,NaN,NaN,37.4900071348902
-2082852000,20.68,20.68,20.68,20.68,20.65857639369473,53.46597182452303,58.407698283557856,NaN,NaN,NaN,NaN,NaN,NaN,30.898670331409523
-2051143200,20.54,20.54,20.54,20.54,20.653926339040034,23.228884279012945,52.9240471606302,NaN,NaN,23.228884279012945,NaN,NaN,NaN,38.00335794312076
-2019693600,20.62,20.62,20.62,20.62,20.652595894371796,43.69805900621475,54.36360474588672,NaN,NaN,NaN,NaN,NaN,NaN,32.81877920399171
-1924999200,20.68,20.68,20.68,20.68,20.653670565180747,54.03794411647686,56.5417255533048,NaN,NaN,NaN,NaN,NaN,NaN,29.092682378461276
-1893290400,20.64,20.64,20.64,20.64,20.653134464585424,47.49594948601136,58.25256102997537,NaN,NaN,NaN,NaN,NaN,NaN,24.16811869433444
-1861840800,20.64,20.64,20.64,20.64,20.65261938754286,47.49594948601136,55.782484287281584,NaN,NaN,NaN,NaN,NaN,NaN,20.22846774703297
-1830391200,20.65,20.65,20.65,20.65,20.65251666646275,49.432925521521646,53.45076297569568,NaN,NaN,NaN,NaN,NaN,NaN,16.542395924887366
-1767232800,20.72,20.72,20.72,20.72,20.655163071699505,60.81663351819559,51.9321636638722,NaN,NaN,NaN,NaN,NaN,NaN,20.35482508654221
-1735696800,20.72,20.72,20.72,20.72,20.65770569633874,60.81663351819559,52.88092078376803,NaN,NaN,NaN,NaN,60.81663351819559,NaN,23.404768415866087
-1703988000,20.72,20.72,20.72,20.72,20.66014861020781,60.81663351819558,51.798287616309416,NaN,NaN,NaN,NaN,NaN,NaN,25.84472307932518
-1672538400,20.72,20.72,20.72,20.72,20.66249572353299,60.81663351819558,50.71565444885079,NaN,NaN,NaN,NaN,NaN,NaN,27.796686810092464
-1577930400,20.68,20.68,20.68,20.68,20.663182165747383,50.42599103727557,51.09891484541015,NaN,NaN,NaN,NaN,NaN,NaN,23.91569966245016
-1546135200,20.69,20.69,20.58,20.69,20.664233845521995,52.69890876939994,51.03719013261944,NaN,NaN,NaN,NaN,NaN,NaN,30.03492882599218
-1530673200,20.69,20.69,20.69,20.69,20.665244282952504,52.69890876939994,51.28185902633071,NaN,NaN,NaN,NaN,NaN,NaN,34.93031215682579
-1514685600,20.84,20.84,20.84,20.84,20.672097448326916,74.71090060752189,52.799353939402046,NaN,NaN,NaN,NaN,NaN,NaN,33.768583987654
-1498964400,20.84,20.84,20.84,20.84,20.67868186211802,74.71090060752189,56.47664082000983,NaN,NaN,NaN,NaN,74.71090060752189,NaN,32.839201452316566
-1483236000,20.75,20.75,20.75,20.75,20.68147865183888,55.203112040120274,57.298430322431656,NaN,NaN,NaN,NaN,NaN,NaN,29.1401778138988
-1467514800,20.75,20.75,20.75,20.75,20.684165763531475,55.203112040120274,57.3816566026919,NaN,NaN,NaN,NaN,NaN,NaN,26.180958903164587
-1451700000,20.78,20.78,20.78,20.78,20.687923968883183,59.64811159888416,58.24966818218281,NaN,NaN,NaN,NaN,NaN,NaN,21.487346391019706
-1435978800,20.78,20.78,20.78,20.78,20.69153479363286,59.648111598884164,59.11767976167373,NaN,NaN,NaN,NaN,NaN,NaN,17.732456381303805
-1420077600,20.75,20.75,20.75,20.75,20.69382754682373,52.99310774031858,59.3719784915878,NaN,NaN,NaN,NaN,NaN,NaN,17.526422801135418
-1404442800,20.75,20.75,20.75,20.75,20.69603038812476,52.99310774031858,58.81315522173944,NaN,NaN,NaN,NaN,NaN,NaN,17.36159593700071
-1388541600,20.72,20.72,20.72,20.72,20.696970372904183,46.43601137128227,57.78596792553134,NaN,NaN,NaN,NaN,NaN,NaN,21.02823860089231
-1372906800,20.72,20.72,20.72,20.72,20.69787349553539,46.43601137128227,56.75878062932325,NaN,NaN,NaN,NaN,NaN,NaN,23.961552732005583
-1356832800,20.75,20.75,20.75,20.75,20.699917672181062,53.6884857561016,56.2496272177451,NaN,NaN,NaN,NaN,NaN,NaN,19.179358808818968
-1341370800,20.75,20.75,20.75,20.75,20.701881685036707,53.6884857561016,56.4826625548041,NaN,NaN,NaN,NaN,NaN,NaN,15.353603670269672
-1325383200,20.78,20.78,20.78,20.78,20.7049451483686,60.46358453045262,57.03728225202216,NaN,NaN,NaN,NaN,NaN,NaN,18.09570290844717
-1309662000,20.78,20.78,20.78,20.78,20.707888475883557,60.46358453045262,57.5919019492402,NaN,NaN,NaN,NaN,NaN,NaN,20.28938229898917
-1293847200,20.72,20.72,20.72,20.72,20.708363437613613,44.124121989920816,55.407132047982984,NaN,NaN,NaN,NaN,NaN,NaN,22.71250853744382
-1278212400,20.72,20.72,20.72,20.72,20.708819773393472,44.124121989920816,53.222362146725764,NaN,NaN,NaN,NaN,NaN,NaN,24.651009528207535
-1262311200,20.69,20.69,20.69,20.69,20.708081743064316,37.680429958829535,51.970741998062145,NaN,NaN,NaN,NaN,NaN,NaN,29.867917527600014
-1246676400,20.69,20.69,20.69,20.69,20.70737265510101,37.680429958829535,50.719121849398526,NaN,NaN,37.680429958829535,NaN,NaN,NaN,34.04144392711399
-1230775200,22.59,22.59,22.59,22.59,20.781201178430383,95.09513511023141,53.251052100209044,NaN,NaN,NaN,NaN,NaN,NaN,46.150117831893205
-1215140400,22.59,22.59,22.59,22.59,20.85213446555076,95.09513511023141,55.78298235101956,NaN,NaN,NaN,NaN,95.09513511023141,NaN,55.83705695571657
-1199239200,20.78,20.78,20.78,20.78,20.84930566298014,45.05209416037446,55.215767095309275,NaN,NaN,NaN,NaN,NaN,NaN,48.687404264140916
-1183518000,20.78,20.78,20.78,20.78,20.846587793843664,45.05209416037446,54.64855183959897,NaN,NaN,NaN,NaN,NaN,NaN,42.96768211088039
-1167530400,26.47,26.47,26.47,26.47,21.06711376271254,82.23904149451803,57.205911134115816,NaN,NaN,NaN,NaN,NaN,NaN,48.20741499218428
-1151809200,26.47,26.47,26.47,26.47,21.278991654370873,82.23904149451803,59.76327042863266,NaN,NaN,NaN,NaN,NaN,NaN,52.39920129722739
-1136080800,35,35,35,35,21.817070413022996,92.22391122415232,62.515800819207705,NaN,NaN,NaN,NaN,NaN,NaN,59.66951355601571
-1120359600,35,35,35,35,22.334048043884838,92.22391122415232,65.26833120978276,NaN,NaN,NaN,NaN,NaN,NaN,65.48576336304637
-1104544800,35,35,35,35,22.830752042163866,92.22391122415232,67.53692597361845,NaN,NaN,NaN,NaN,NaN,NaN,70.1387632086709
-1088910000,35,35,35,35,23.307977452275086,92.22391122415232,69.80552073745415,NaN,NaN,NaN,NaN,NaN,NaN,73.86116308517052
-1073008800,35,35,35,35,23.76648814042116,92.22391122415232,73.24121996847067,NaN,NaN,NaN,NaN,NaN,NaN,76.8390829863702
-1057287600,35,35,35,35,24.207018017267387,92.22391122415232,76.67691919948722,NaN,NaN,NaN,NaN,NaN,NaN,79.22141890732995
-1041386400,35,35,35,35,24.630272212668665,92.22391122415232,80.57288214701028,NaN,NaN,NaN,NaN,NaN,NaN,81.12728764409776
-1025751600,35,35,35,35,25.036928204328717,92.22391122415232,84.46884509453332,NaN,NaN,NaN,NaN,NaN,NaN,82.651982633512
-1009677600,35,35,35,35,25.42763690219818,92.22391122415232,84.2637576740991,NaN,NaN,NaN,NaN,NaN,NaN,83.87173862504339
-994215600,35,35,35,35,25.80302369034727,92.22391122415232,84.05867025366489,NaN,NaN,NaN,NaN,92.22391122415232,NaN,84.8475434182685
-978228000,34.69,34.69,34.69,34.69,26.151532565235613,86.48592717977422,87.01822975505057,NaN,NaN,NaN,NaN,NaN,NaN,78.9486258269868
-962506800,34.69,34.69,34.69,34.69,26.48637442542245,86.48592717977422,89.97778925643627,NaN,NaN,NaN,NaN,NaN,NaN,74.22949175396143
-946778400,34.06,34.06,34.06,34.06,26.783379349915688,74.55494601450158,89.42892529357796,NaN,NaN,NaN,NaN,NaN,NaN,59.490266866559224
-931057200,34.06,34.06,34.06,34.06,27.068737022468014,74.55494601450158,88.88006133071964,NaN,NaN,NaN,NaN,NaN,NaN,47.69888695663746
-915156000,34.06,34.06,34.06,34.06,27.342904198057504,74.55494601450158,87.61799238717315,NaN,NaN,NaN,NaN,NaN,NaN,38.26578302870004
-899521200,34.06,34.06,34.06,34.06,27.606319719702306,74.55494601450158,86.35592344362668,NaN,NaN,NaN,NaN,NaN,NaN,30.719299886350115
-883620000,34.06,34.06,34.06,34.06,27.85940522089045,74.55494601450158,85.0938545000802,NaN,NaN,NaN,NaN,NaN,NaN,24.68211337247017
-867985200,34.06,34.06,34.06,34.06,28.102565800463374,74.55494601450158,83.83178555653373,NaN,NaN,74.55494601450158,NaN,NaN,NaN,19.852364161366214
-852087600,34.06,34.06,34.06,34.06,28.33619067103344,74.5549460145016,82.56971661298724,NaN,NaN,NaN,NaN,NaN,NaN,15.988564792483048
-836449200,34.06,34.06,34.06,34.06,28.560653781973304,74.5549460145016,81.30764766944075,NaN,NaN,NaN,NaN,NaN,NaN,12.897525297376516
-820378800,34.06,34.06,34.06,34.06,28.77631441797435,74.5549460145016,80.04557872589429,NaN,NaN,NaN,NaN,NaN,NaN,10.424693701291291
-804654000,34.06,34.06,34.06,34.06,28.98351777413222,74.5549460145016,78.7835097823478,NaN,NaN,NaN,NaN,NaN,NaN,8.44642842442311
-788929200,35,35,35,35,29.219458253578015,84.74892452019769,78.24958216063676,NaN,NaN,NaN,NaN,NaN,NaN,23.40540958237698
-773204400,35,35,35,35,29.446146165202407,84.74892452019769,77.7156545389257,NaN,NaN,NaN,NaN,NaN,NaN,35.37259450874007
-757389600,35,35,35,35,29.66394435480231,84.74892452019769,77.59158292038452,NaN,NaN,NaN,NaN,NaN,NaN,44.94634244983055
-741754800,35,35,35,35,29.873201438927712,84.74892452019769,77.46751130184334,NaN,NaN,NaN,NaN,NaN,NaN,52.60534080270294
-725853600,35,35,35,35,30.074252362891333,84.74892452019769,78.19565262367878,NaN,NaN,NaN,NaN,NaN,NaN,58.732539485000835
-710218800,35,35,35,35,30.267418936895595,84.74892452019769,78.92379394551422,NaN,NaN,NaN,NaN,NaN,NaN,63.63429843083915
-694317600,35,35,35,35,30.453010351134985,84.74892452019769,79.65193526734966,NaN,NaN,NaN,NaN,NaN,NaN,67.55570558750982
-678596400,35,35,35,35,30.63132367069832,84.74892452019769,80.3800765891851,NaN,NaN,NaN,NaN,84.74892452019769,NaN,70.69283131284635
-662522400,31.88,31.88,31.88,31.88,30.680291369886618,19.209476258453435,76.42682874946736,NaN,NaN,NaN,NaN,NaN,NaN,74.45837533374248
-647060400,31.88,31.88,31.88,31.88,30.727338767145966,19.209476258453435,72.47358090974964,NaN,NaN,19.209476258453435,NaN,NaN,NaN,77.4708105504594
-631072800,34.73,34.73,34.73,34.73,30.884305874316713,57.34519134692448,71.24431271920842,NaN,NaN,NaN,NaN,NaN,NaN,65.81738479416082
-615351600,34.73,34.73,34.72,34.72,31.034725251794487,57.23853967248791,70.00742655192172,NaN,NaN,NaN,NaN,NaN,NaN,56.43480806066879
-599623200,34.72,34.73,34.72,34.73,31.179637987018232,57.32782251309199,68.77691773039246,NaN,NaN,NaN,NaN,NaN,NaN,48.92874667387518
-583902000,34.72,34.73,34.66,34.66,31.316122771841048,56.40046179988945,67.48016885792016,NaN,NaN,NaN,NaN,NaN,NaN,42.37720525000978
-568087200,34.49,34.82,34.49,34.53,31.442157172945322,54.556599950676514,65.32357424581151,NaN,NaN,NaN,NaN,NaN,NaN,35.38670353892305
-552366000,34.57,34.79,34.51,34.79,31.573445126947465,57.67027765251465,63.38938518383416,NaN,NaN,NaN,NaN,NaN,NaN,29.794302170053676
-536464800,34.88,34.95,34.88,34.89,31.703506102361292,58.88909615508773,61.5422545863263,NaN,NaN,NaN,NaN,NaN,NaN,27.165995141360323
-520830000,34.91,34.91,34.76,34.85,31.826898019915753,58.13582733731123,59.641319073262984,NaN,NaN,NaN,NaN,NaN,NaN,23.069407707553612
-504928800,34.86,35.08,34.86,35.07,31.954078489722978,61.2062101209784,57.95969661617589,NaN,NaN,NaN,NaN,61.2062101209784,NaN,22.24543703717915
-489294000,35.08,35.08,35.04,35.04,32.07509501953776,60.52522516246807,56.22943237633806,NaN,NaN,NaN,NaN,NaN,NaN,21.586260500879582
-473220000,35.04,35.06,35.04,35.04,32.191365803085304,60.52522516246807,54.49916813650024,NaN,NaN,NaN,NaN,NaN,NaN,21.058919271839923
-457758000,35.05,35.05,34.97,34.97,32.300331850023134,58.59982853849152,52.63137556637837,NaN,NaN,NaN,NaN,NaN,NaN,18.362532566762336
-441770400,34.99,34.99,34.98,34.98,32.40541687551242,58.810412705483344,55.460013884023354,NaN,NaN,NaN,NaN,NaN,NaN,16.205423202700267
-426049200,35,35.02,34.9,34.9,32.503243664708016,56.23598675345407,58.10476463366626,NaN,NaN,56.23598675345407,NaN,NaN,NaN,14.586563606931954
-410234400,34.88,34.99,34.88,34.99,32.60076352099398,58.5333525298894,58.18963328959232,NaN,NaN,NaN,NaN,NaN,NaN,14.092490005469676
-394599600,34.99,34.99,34.96,34.99,32.694459069190295,58.5333525298894,58.28211992226386,NaN,NaN,NaN,NaN,NaN,NaN,13.697231124299853
-378698400,35.01,35.11,35.01,35.1,32.78879400765342,61.647650756247636,58.59067908248926,NaN,NaN,NaN,NaN,NaN,NaN,15.039186579640887
-363063600,35.11,35.11,35.09,35.09,32.87903737990231,61.177740907929405,58.93191330449212,NaN,NaN,NaN,NaN,NaN,NaN,16.11275094391371
-347162400,35.07,35.12,35.06,35.12,32.96691826696496,62.15143210632588,59.47440131560993,NaN,NaN,NaN,NaN,NaN,NaN,14.520570607773669
-331527600,35.13,35.13,35.05,35.05,33.04860774669182,58.31232601590476,59.52026191299494,NaN,NaN,NaN,NaN,NaN,NaN,13.246826338861636
-315626400,35.09,35.11,35.09,35.09,33.12866234486077,59.90449491351695,59.59279039573988,NaN,NaN,NaN,NaN,NaN,NaN,12.22783092373201
-299905200,35.1,35.82,35.1,35.54,33.223224605846625,72.97012897496458,60.65238336985798,NaN,NaN,NaN,NaN,72.97012897496458,NaN,26.562192360496223
-283917600,35.56,35.56,35.06,35.07,33.29564717032323,52.766447106474644,60.04954315453629,NaN,NaN,NaN,NaN,NaN,NaN,36.01082984885147
-268196400,35.11,35.19,35.11,35.15,33.36836688913408,55.14462610797585,59.66521465064398,NaN,NaN,NaN,NaN,NaN,NaN,43.56973983953568
-252468000,35.16,35.16,35.08,35.1,33.436274069952354,53.25915141307779,59.146209382830385,NaN,NaN,NaN,NaN,NaN,NaN,47.51602251932664
-236746800,35.12,35.14,35.08,35.08,33.500733910346376,52.45211518337646,58.707087000322176,NaN,NaN,NaN,NaN,NaN,NaN,50.673048663159406
-220932000,35.06,35.1,35.06,35.08,33.562665913862205,52.45211518337646,58.25292289160024,NaN,NaN,NaN,NaN,NaN,NaN,51.26432412987487
-205297200,35.09,35.1,35.08,35.08,33.62216921135781,52.45211518337646,57.982646350880415,NaN,NaN,NaN,NaN,NaN,NaN,51.73734450324725
-189396000,35.08,35.08,35.08,35.08,33.67933904620652,52.45211518337646,57.54827225470092,NaN,NaN,52.45211518337646,NaN,NaN,NaN,52.11576080194516
-173674800,35.08,35.12,35.08,35.12,33.735835554198424,54.65343561044012,57.27113533188311,NaN,NaN,NaN,NaN,NaN,NaN,54.160961702269695
-157773600,35.13,35.16,35.1,35.1,33.78933219913182,53.266274479562874,56.672465597834204,NaN,NaN,NaN,NaN,NaN,NaN,57.22956042154813
-142138800,35.12,35.15,35.11,35.13,33.841907407009,55.1856939702033,56.24446224513948,NaN,NaN,NaN,NaN,NaN,NaN,59.68443939697088
-126064800,35.15,35.17,35.12,35.15,33.89320515575375,56.524881913448525,55.8425658027911,NaN,NaN,NaN,NaN,NaN,NaN,62.43735921171193
-110602800,35.18,35.19,35.16,35.18,33.943667698665365,58.61198195355081,55.863969798337244,NaN,NaN,NaN,NaN,NaN,NaN,65.37885285855319
-94615200,35.18,35.19,35.16,35.19,33.99254347518829,59.343895073828584,55.823926952645216,NaN,NaN,NaN,NaN,NaN,NaN,67.7320477760262
-78894000,35.19,35.2,35.19,35.19,34.03950255459267,59.343895073828584,54.85062453113551,NaN,NaN,NaN,NaN,NaN,NaN,70.0629349672355
-63165600,35.18,41.111,35.18,41.111,34.316816179902766,97.14736225204689,58.02068989867638,NaN,NaN,NaN,NaN,NaN,NaN,75.99423351623004
-47444400,39.53,41.113,39.17,41.113,34.5833331924556,97.14836984824453,61.02095730869558,NaN,NaN,NaN,NaN,NaN,NaN,80.73929575569517
-31543200,42.291,43.461,41.442,41.442,34.852300518241655,97.32333529580836,64.1683990146049,NaN,NaN,NaN,NaN,97.32333529580836,NaN,84.55663983528056
-15908400,41.755,41.755,35.189,35.189,34.86550441948708,42.09650115604579,63.428712298366996,NaN,NaN,42.09650115604579,NaN,NaN,NaN,69.99108440355506
-7200,35.4,36.45,34.95,35.75,34.900190520683665,45.23323184369219,62.91307777410383,NaN,NaN,NaN,NaN,NaN,NaN,58.79728120274487
15627600,35.75,39.3,35.5,37.65,35.008026186539205,54.60325032087763,63.06673028392534,NaN,NaN,NaN,NaN,NaN,NaN,50.59914224534234
31528800,37.75,41.55,37.7,40.4,35.219476140008254,64.49448962139822,63.92689988664118,NaN,NaN,NaN,NaN,NaN,NaN,47.59099781251084
47163600,40.55,44.25,40.5,43.85,35.55792805608636,72.84502441612167,65.22629908704701,NaN,NaN,NaN,NaN,NaN,NaN,48.33815981831927
63237600,44.3,65.15,44.3,64.95,36.7105583283967,89.62841266969313,67.82359467205632,NaN,NaN,NaN,NaN,NaN,NaN,55.779877341156826
78958800,65.8,70.3,60.65,65.2,37.82779133512624,89.71315927603398,70.28984219390135,NaN,NaN,NaN,NaN,NaN,NaN,62.247799012708136
94687200,65.4,126.3,64.2,123.55,41.189446576886,96.72967434857622,73.16161308212476,NaN,NaN,NaN,NaN,96.72967434857622,NaN,69.10336526755042
110408400,121.3,126.45,90.3,112.3,43.97809573073361,84.26325171848845,74.99384663676317,NaN,NaN,NaN,NaN,NaN,NaN,74.58946057423242
126223200,116.8,179.8,116.8,144.55,47.92209197658719,88.88360970209699,77.10382625306805,NaN,NaN,NaN,NaN,NaN,NaN,79.33353075050924
141858000,143.3,195.5,134.3,186.75,53.36632366377985,92.2383016298552,79.45342672135565,NaN,NaN,NaN,NaN,NaN,NaN,83.18239569686888
157759200,184,189,160,167.8,57.85391881421986,80.03644462504519,78.23121831942697,NaN,NaN,NaN,NaN,NaN,NaN,86.2614876539566
173394000,168.3,175.4,129,141,61.11454944895634,66.12007188220542,76.01491132185275,NaN,NaN,NaN,NaN,NaN,NaN,75.67691129706944
189295200,140.8,141.5,123.4,123.9,63.57672398036981,58.783284227087954,73.26205053122986,NaN,NaN,58.783284227087954,NaN,NaN,NaN,65.36753947202791
205016400,123.6,141,100,135.7,66.4050877458455,62.05215789610914,74.68745458409153,NaN,NaN,NaN,NaN,NaN,NaN,54.049306056403346
221090400,135.5,154.7,127.5,143.6,69.43233920679275,64.19116651027537,76.04159277456175,NaN,NaN,NaN,NaN,NaN,NaN,45.01906114904677
236552400,143.5,169.9,140.5,167.5,73.2781298261342,69.95510649019683,77.13815392951312,NaN,NaN,NaN,NaN,NaN,NaN,41.14563229044516
252540000,169.9,192.8,165.5,183.7,77.60839924471718,73.23975563960255,77.76281578795628,NaN,NaN,NaN,NaN,NaN,NaN,41.8719404491928
268261200,184.5,249.4,183.2,229,83.54532476453218,80.08787871420289,78.28016252353352,NaN,NaN,NaN,NaN,NaN,NaN,47.34372096143229
283989600,229.1,287.5,216.6,283.8,91.39844928357013,85.23135737525578,77.96608714535942,NaN,NaN,NaN,NaN,NaN,NaN,53.3916406930994
299710800,284.3,543,282.3,541,109.02988264499875,93.75242340740539,78.25460601188595,NaN,NaN,NaN,NaN,NaN,NaN,61.34456125547748
315525600,566,873,453,654,130.40125979617528,95.13873945177833,78.14096780497182,NaN,NaN,NaN,NaN,95.13873945177833,NaN,68.4304937218603
331246800,670,748.5,558,599.5,148.79728882377626,84.91508651379525,78.18752743320803,NaN,NaN,NaN,NaN,NaN,NaN,74.09923969496654
347148000,593.5,612,427,428.5,159.76602259539288,61.56319803758754,76.23606945717164,NaN,NaN,NaN,NaN,NaN,NaN,68.91616781015479
362782800,426.5,482.5,392.5,402.8,169.29676680733826,58.827867629953424,73.84960988575008,NaN,NaN,NaN,NaN,NaN,NaN,62.54164374337676
378684000,399,411,297.5,317.8,175.12042301097205,50.48213182144669,71.7385875426359,NaN,NaN,NaN,NaN,NaN,NaN,51.80753748755067
394318800,314,509,308.3,453,186.01766132426727,60.5076124956031,71.33769758645003,NaN,NaN,NaN,NaN,NaN,NaN,47.03922097955303
410392800,455,520,401,418.5,195.13461578213915,57.18398308713882,71.22346179073938,NaN,NaN,NaN,NaN,NaN,NaN,43.63602109639728
425854800,419.5,441,373,388,202.69796418283957,54.22181373877371,70.66415149378685,NaN,NaN,NaN,NaN,NaN,NaN,38.747226927084796
441842400,385.5,410.5,362.5,376.1,209.49804401880664,53.016374969748306,69.86595209803491,NaN,NaN,NaN,NaN,NaN,NaN,33.94033690136836
457563600,373,374.3,306.6,309.7,213.42753248865736,46.523761146742316,68.19228457350245,NaN,NaN,46.523761146742316,NaN,NaN,NaN,28.799516880585042
473378400,307,338.6,282.6,317.7,217.5166488616512,47.396923727257644,66.34636800833495,NaN,NaN,NaN,NaN,NaN,NaN,26.466255174812016
489013200,317.1,350.2,308.3,331.1,221.97089792590018,48.967112041566516,64.12345610314665,NaN,NaN,NaN,NaN,NaN,NaN,23.30331664022979
504914400,329.8,369.5,328,347.7,226.9014509484139,51.00530577425568,61.67873813164664,NaN,NaN,NaN,NaN,NaN,NaN,18.796332877113755
520549200,348.2,446.5,343.3,406.9,233.96021757788785,57.771804181439705,59.10869390122052,NaN,NaN,NaN,NaN,NaN,NaN,21.934552398003824
536450400,406.5,481.5,391.4,452.2,242.5186404179707,62.25883684246725,56.76012942912687,NaN,NaN,NaN,NaN,NaN,NaN,26.56544855994699
552085200,451.5,507.4,442.5,488.9,252.18065451922675,65.59116006499781,55.379848968498486,NaN,NaN,NaN,NaN,65.59116006499781,NaN,31.700038599988655
567986400,484,488.5,425.1,437.7,259.4559229694531,57.60806104348608,55.09733918320552,NaN,NaN,NaN,NaN,NaN,NaN,32.806762145241954
583707600,438.5,449,395.5,412.3,265.44980834320006,53.94381885565585,54.748478556469976,NaN,NaN,NaN,NaN,NaN,NaN,28.93647178962344
599695200,416.1,416.3,360.5,377.3,269.83609036895695,49.10221911930253,54.64991336345968,NaN,NaN,NaN,NaN,NaN,NaN,25.08446460869813
615416400,379.5,424.2,360.6,405.2,275.144478981939,52.89374847178724,54.10606593318711,NaN,NaN,NaN,NaN,NaN,NaN,20.809680006583413
631144800,401,430.3,348.2,359.9,278.4682249042159,46.558533088027694,53.34710521896489,NaN,NaN,NaN,NaN,NaN,NaN,19.24695444727281
646866000,359.5,425,352,396.2,283.0851572609133,51.76648425314062,53.17172454141967,NaN,NaN,NaN,NaN,NaN,NaN,17.996773999824327
662680800,395.1,406.9,352.6,370,286.4935824663677,47.97061692169937,52.811313252273315,NaN,NaN,NaN,NaN,NaN,NaN,16.99662964186554
678315600,370.2,374.9,346,353.9,289.1369713892552,45.656212032723595,52.749345458414844,NaN,NaN,NaN,NaN,NaN,NaN,17.7819817627022
694216800,351.2,361.5,334.9,344.4,291.30414898183346,44.239364349851904,52.523805502885864,NaN,NaN,NaN,NaN,NaN,NaN,20.952664125463016
709938000,345.1,362,328.9,333.1,292.943201962938,42.475484535692466,52.06011782389486,NaN,NaN,42.475484535692466,NaN,NaN,NaN,24.789644852559782
725839200,329.1,384.5,325.8,379.2,296.3258214938032,51.37375929854629,52.08643593277276,NaN,NaN,NaN,NaN,NaN,NaN,20.625119820635152
741474000,378.9,414,343,391.9,300.0738284940462,53.59830829124875,51.7883290834734,NaN,NaN,NaN,NaN,53.59830829124875,NaN,23.82913942022989
757548000,391.9,397.9,369.5,387.3,303.4944626707503,52.617446802639805,51.099658366342865,NaN,NaN,NaN,NaN,NaN,NaN,26.39235509990568
773010000,386.8,401.9,377.7,384.4,306.6672288405248,51.94326268877506,50.12480855375552,NaN,NaN,NaN,NaN,NaN,NaN,29.294992118362117
788997600,382.4,402,372,385.6,309.76263163109246,52.2282044339435,49.74053308164533,NaN,NaN,NaN,NaN,NaN,NaN,28.602618251835963
804718800,385.2,396.3,381.5,388.1,312.83468529261825,52.88297766988711,49.66475871123328,NaN,NaN,NaN,NaN,NaN,NaN,28.048719158615043
820447200,392,419.6,381.5,381.6,315.53136430075085,50.84457560249328,49.78921274574691,NaN,NaN,NaN,NaN,NaN,NaN,33.62643762108273
836168400,382.3,396.2,367.7,369.2,317.6360166811136,46.95984046311725,49.365362173699054,NaN,NaN,NaN,NaN,NaN,NaN,30.882210286012274
852069600,369.2,369.4,334.6,335.3,318.3287219093052,38.024504500920855,48.75578870319142,NaN,NaN,NaN,NaN,NaN,NaN,30.539122675071706
867704400,334.9,335.8,283.5,296.2,317.46092889325405,30.495332367003385,47.23642071132448,NaN,NaN,NaN,NaN,NaN,NaN,36.51594036372926
883605600,281.6,314.3,281.6,293.4,316.5173630543029,30.016506499445796,45.95398425259208,NaN,NaN,NaN,NaN,NaN,NaN,41.45646839481096
899240400,296.2,300.7,271.5,288,315.39903509138907,29.027625581231035,44.76622807748547,NaN,NaN,NaN,NaN,NaN,NaN,46.32263279765563
915141600,287.5,294.1,257.5,261.25,313.27554351917775,24.52491606388854,43.358053199916654,NaN,NaN,24.52491606388854,NaN,NaN,NaN,51.37550046877507
930776400,262.25,339,252.1,287.5,312.2647378909747,35.56000764451164,42.8640905648323,NaN,NaN,NaN,NaN,NaN,NaN,41.53244605699062
946850400,288,319,269.7,288.6,311.33670895407374,36.001131487969765,41.7660457212197,NaN,NaN,NaN,NaN,NaN,NaN,33.65800252756307
962571600,288.6,289.6,262.42,272.1,309.79801448528656,32.273023464363675,40.24281109072791,NaN,NaN,NaN,NaN,NaN,NaN,29.177780600537584
978300000,272.45,298,254.1,270.6,308.2608374466479,31.93480567060989,38.7654795812972,NaN,NaN,NaN,NaN,NaN,NaN,23.721905736492182
994021200,270.6,295.1,263.8,278.7,307.1015889193284,36.00882570816619,37.62730551125371,NaN,NaN,NaN,NaN,NaN,NaN,19.35720584525586
1009836000,278.7,331.15,277.1,314.2,307.3799579813155,50.59042207937599,37.51032105735603,NaN,NaN,NaN,NaN,NaN,NaN,24.542437714672594
1025470800,314.2,355,298.8,347.8,308.96505766832274,60.237970778730364,38.035677707987695,NaN,NaN,NaN,NaN,NaN,NaN,31.621124660110667
1041372000,347.8,389.5,319.4,345.3,310.3899573676042,59.26927215378661,38.63744174736579,NaN,NaN,NaN,NaN,NaN,NaN,39.89818370703436
1057006800,345.1,417.5,340.6,415.6,314.51584139240407,73.00327789625482,40.497687278304184,NaN,NaN,NaN,NaN,NaN,NaN,47.86231658956979
1072908000,415.6,432.1,371.6,393.5,317.61325937701565,65.22507748976358,42.440585348935805,NaN,NaN,NaN,NaN,NaN,NaN,54.799355680057694
1088629200,393.5,456.7,384.5,438,322.3343080288974,71.98632849967183,45.404227929840694,NaN,NaN,NaN,NaN,NaN,NaN,61.14151979622936
1104703200,438,446.9,410.5,434.5,326.73296261599944,70.76884371059992,48.31510915920884,NaN,NaN,NaN,NaN,NaN,NaN,66.2152510891667
1120165200,434.8,541.3,417.9,514.77,334.1069640820387,79.64923355175975,51.93093829996089,NaN,NaN,NaN,NaN,NaN,NaN,71.82967489862784
1136152800,513.05,730.45,513.05,615.85,345.1557105886254,85.77246023276086,56.30576288345178,NaN,NaN,NaN,NaN,NaN,NaN,76.99625400389523
1151874000,615.85,677.15,559.7,636.65,356.5868591929931,86.69894100563337,59.95854383781761,NaN,NaN,NaN,NaN,NaN,NaN,81.12951728810914
1167602400,636.65,693.95,602.35,649.65,368.07953138150316,87.28128856102973,63.62141220017903,NaN,NaN,NaN,NaN,NaN,NaN,84.47155453996317
1183323600,649.65,845.955,642.12,833.56,386.3336674057579,92.5043125526078,67.92364713505361,NaN,NaN,NaN,NaN,NaN,NaN,87.34458807325393
1199138400,833.56,1032.85,833.56,925.44,407.47509221337526,93.90993582821459,72.3504421463111,NaN,NaN,NaN,NaN,NaN,NaN,89.73956013211468
1214859600,925.44,988.58,681.65,881.7,426.0721474206939,85.3392315008206,75.87404256007211,NaN,NaN,85.3392315008206,NaN,NaN,NaN,79.83291710350734
1230760800,881.7,1006.45,801.825,926.44,445.69441614929417,86.7325841118686,78.45562556239302,NaN,NaN,NaN,NaN,NaN,NaN,72.40732564685736
1246395600,926.44,1226.525,905.165,1097.12,471.2405174767728,90.57638580825409,80.622655207359,NaN,NaN,NaN,NaN,NaN,NaN,70.95260910231109
1262296800,1097.12,1265.265,1044.475,1242.37,501.4808893404288,92.62264758008456,83.00503916638029,NaN,NaN,NaN,NaN,NaN,NaN,70.34185287258764
1277931600,1242.37,1431.375,1156.83,1421.46,537.5585015231571,94.33033630190562,84.52840048106962,NaN,NaN,NaN,NaN,NaN,NaN,71.76824155158226
1294005600,1421.46,1576.472,1308.41,1500.078,575.3043642085236,94.91198377383252,86.64889378707456,NaN,NaN,NaN,NaN,NaN,NaN,74.01615187161958
1309467600,1500.078,1921.07,1478.257,1565.025,614.1169381611305,95.35486801778292,88.31807518122535,NaN,NaN,NaN,NaN,NaN,NaN,77.24772656434304
1325455200,1565.025,1790.792,1527.117,1597.584,652.6842739195175,95.57223367109142,90.08974589268902,NaN,NaN,NaN,NaN,NaN,NaN,79.83298631852179
1341176400,1597.584,1796.001,1555.126,1676.244,692.8238710207129,96.07182929128281,91.2627884455121,NaN,NaN,NaN,NaN,96.07182929128281,NaN,81.92057635236274
1356991200,1676.244,1697.37,1180.512,1234.686,714.0733662748025,56.09843578827613,89.14321527090604,NaN,NaN,NaN,NaN,NaN,NaN,65.70701839741714
1372626000,1234.686,1433.773,1182.444,1205.094,733.3290774012809,54.392155736127734,86.83558775165565,NaN,NaN,NaN,NaN,NaN,NaN,52.73617203346068
1388527200,1205.094,1392.324,1203.666,1327.149,756.6161331894659,60.03289507832247,84.88927393146227,NaN,NaN,NaN,NaN,NaN,NaN,42.359494942295505
1404162000,1327.149,1345.361,1131.306,1182.789,773.3287946330163,51.54958266570337,81.96393608239767,NaN,NaN,NaN,NaN,NaN,NaN,36.7546360627678
1420063200,1182.789,1307.792,1142.758,1172.37,788.9774693532902,50.9648217067808,78.89642793086668,NaN,NaN,NaN,NaN,NaN,NaN,32.27074895914563
1435698000,1172.37,1191.653,1046.459,1060.904,799.6412548688475,44.84255225394449,76.00380798466124,NaN,NaN,44.84255225394449,NaN,NaN,NaN,32.769399468153814
1451599200,1060.904,1358.762,1060.634,1322.014,820.1264605602652,58.105325898794526,73.95900382658454,NaN,NaN,NaN,NaN,NaN,NaN,28.451666022358424
1467320400,1322.014,1375.307,1122.751,1151.61,833.1258150480979,49.38668357534821,71.01688223851981,NaN,NaN,NaN,NaN,NaN,NaN,25.716643172860742
1483308000,1151.61,1296.208,1146.157,1242.118,849.164724261898,53.551222395314106,68.22606615389336,NaN,NaN,NaN,NaN,NaN,NaN,23.528624893262595
1499029200,1242.118,1357.624,1204.89,1303.247,866.9718723300588,56.2843025969978,65.5084923178285,NaN,NaN,NaN,NaN,NaN,NaN,25.019461914129025
1514757600,1303.247,1366.112,1245.98,1253.022,882.1110930229977,53.3810147961347,62.54199453370723,NaN,NaN,NaN,NaN,NaN,NaN,26.651174290582443
1530478800,1253.022,1284.202,1160.324,1282.413,897.8092070220958,54.91213542165423,59.65322791969804,NaN,NaN,NaN,NaN,NaN,NaN,22.31206492327653
1546293600,1282.413,1439.318,1266.389,1409.407,917.8718655702489,61.11940806886294,57.192311805253155,NaN,NaN,NaN,NaN,NaN,NaN,25.11358291883766
1561928400,1409.407,1557.074,1381.904,1517.111,941.3714394694548,65.63356626159606,55.01815016027553,NaN,NaN,NaN,NaN,NaN,NaN,30.816008195210276
1577829600,1517.111,1786.023,1451.432,1780.872,974.2930300784958,73.96228281131792,56.29413923334995,NaN,NaN,NaN,NaN,NaN,NaN,39.06715111406239
1593550800,1780.872,2075.282,1757.665,1898.391,1010.532166153849,76.7826536994795,57.89346051644651,NaN,NaN,NaN,NaN,76.7826536994795,NaN,47.82310571397011
1609452000,1898.391,1959.406,1676.866,1770.45,1040.3328655203647,67.78935541414009,58.44749339757635,NaN,NaN,NaN,NaN,NaN,NaN,50.48634857965941
1625086800,1770.45,1877.14,1677.686,1828.775,1071.252164911723,69.61458928902287,59.73785101352775,NaN,NaN,NaN,NaN,NaN,NaN,52.616942872210856
1641160800,1828.775,2070.63,1780.33,1807.33,1100.117962366165,68.02024854585875,60.95609578774761,NaN,NaN,NaN,NaN,NaN,NaN,56.712003562419056
1656622800,1807.33,1833.445,1614.925,1823.79,1128.4972579596488,68.64041390504227,62.6559430485403,NaN,NaN,NaN,NaN,NaN,NaN,51.42450911423332
1672610400,1823.79,2067,1804.685,1919.525,1159.517953725937,72.17155299009326,63.66067355506165,NaN,NaN,NaN,NaN,NaN,NaN,51.432681288075756
1688331600,1919.525,2148.99,1810.465,2062.97,1194.9474457366846,76.61095253260827,65.60526419486594,NaN,NaN,NaN,NaN,NaN,NaN,52.5814416550923
1704060000,2062.97,2450.125,1984.305,2313.345,1238.8061733548539,82.18997256179192,67.65088920675721,NaN,NaN,NaN,NaN,NaN,NaN,56.50449127881929