time,open,high,low,close,EMA,EMA,EMA,ADX,RSI,RSI-based MA,Upper Bollinger Band,Lower Bollinger Band,Regular Bullish,Regular Bullish Label,Regular Bearish,Regular Bearish Label
1716547500,2340.75,2341.025,2338.905,2339.945,2337.803853576897,2340.2207476249123,2339.0684057283315,26.170331125856585,48.045634820751005,51.49304852321192,NaN,NaN,48.045634820751005,NaN,NaN,NaN
1716547800,2339.945,2341.58,2339.325,2341.565,2337.8865161356466,2340.3429523862837,2339.166311386044,21.66968940636126,56.05419609165079,52.631986552706984,NaN,NaN,NaN,NaN,NaN,NaN
1716548100,2341.565,2341.565,2340.12,2340.37,2337.9410981985993,2340.345411260258,2339.213514861101,18.069176030765004,49.76664913773484,52.87712905208549,NaN,NaN,NaN,NaN,NaN,NaN
1716548400,2340.37,2341.495,2340.37,2340.89,2338.0059092272018,2340.3949193275075,2339.279259376352,15.188765330287998,52.35082139778931,53.449791111367986,NaN,NaN,NaN,NaN,NaN,NaN
1716548700,2340.89,2341.125,2339.92,2341.1,2338.073911222208,2340.4590175704616,2339.3506609694364,15.84829367643398,53.42591695207858,54.499458964208735,NaN,NaN,NaN,NaN,NaN,NaN
1716549000,2341.1,2341.88,2339.995,2340.795,2338.1337153711706,2340.4895614276925,2339.407301715733,14.761770449733014,51.54897968954871,55.22576153118068,NaN,NaN,NaN,NaN,NaN,NaN
1716549300,2340.795,2340.83,2338.71,2338.715,2338.1464908575185,2340.3282376615384,2339.3801526288416,17.27100973499483,40.711350901912006,54.559473965664274,NaN,NaN,40.711350901912006,NaN,NaN,NaN
1716549600,2338.715,2340.51,2338.695,2340.505,2338.1983262232875,2340.344306965035,2339.4242642904555,19.35051825387323,50.63517363652741,54.40005237050457,NaN,NaN,NaN,NaN,NaN,NaN
1716549900,2340.505,2342.115,2340.485,2340.825,2338.256055317281,2340.3880063318497,2339.4791951025945,20.13066149128885,52.22362908513913,53.764026794962,NaN,NaN,NaN,NaN,NaN,NaN
1716550200,2340.825,2341.705,2340.395,2340.74,2338.31064750811,2340.420005756227,2339.5286384319047,20.084387301002167,51.73233005970097,52.64290788598349,NaN,NaN,NaN,NaN,NaN,NaN
1716550500,2340.74,2341.125,2338.435,2339.27,2338.3317321782615,2340.3154597783882,2339.5184957483007,22.28864524222459,43.81223857786829,50.62080891037961,NaN,NaN,NaN,NaN,NaN,NaN
1716550800,2339.27,2340.61,2338.78,2340.375,2338.376639163355,2340.3208725258073,2339.552084150328,24.052051595202535,50.182438437896,50.46761988870259,NaN,NaN,NaN,NaN,NaN,NaN
1716551100,2340.375,2340.525,2339.315,2340.41,2338.4213284125117,2340.328975023461,2339.5857279091388,25.462776677584888,50.380421327085294,50.227043773890685,NaN,NaN,NaN,NaN,NaN,NaN
1716551400,2340.41,2341.2,2339.025,2339.4,2338.4428376781707,2340.244522748601,2339.5784444617216,20.757739156491745,44.686257067551985,49.68257408451673,NaN,NaN,NaN,NaN,NaN,NaN
1716551700,2339.4,2339.4,2337.85,2338.295,2338.4395884984306,2340.067293407819,2339.52811330636,23.391078690850872,39.288295607040624,49.05704985496599,NaN,NaN,39.288295607040624,NaN,NaN,NaN
1716552000,2338.295,2340.925,2338.19,2339.555,2338.4641030369266,2340.0207212798355,2339.5291676865027,21.19711695195404,47.34666934952297,48.435083659099725,NaN,NaN,NaN,NaN,NaN,NaN
1716552300,2339.555,2340.19,2338.595,2338.88,2338.4732436295217,2339.917019345305,2339.503710130169,19.441947560836574,43.87985280144037,48.01459820650725,NaN,NaN,NaN,NaN,NaN,NaN
1716552600,2338.88,2340.056,2338.65,2340,2338.506798714587,2339.9245630411865,2339.5231724780056,18.0378120479426,50.554657423214074,47.886300779751885,NaN,NaN,NaN,NaN,NaN,NaN
1716552900,2340,2340.895,2339.37,2339.855,2338.536429512069,2339.918239128351,2339.536185322005,21.662307291916257,49.704262111042695,47.62046829110646,NaN,NaN,NaN,NaN,NaN,NaN
1716553200,2339.855,2339.905,2337.445,2338.895,2338.5443101821334,2339.82521738941,2339.5110407995735,22.008532344754457,44.230989698403455,47.09775472031037,NaN,NaN,NaN,NaN,NaN,NaN
1716553500,2338.895,2339.13,2338.095,2338.84,2338.5508088594493,2339.7356521721913,2339.4847254741,22.285512387025015,43.923099854806615,47.32716535980285,NaN,NaN,NaN,NaN,NaN,NaN
1716553800,2338.84,2340.19,2335.61,2340.19,2338.5868350383626,2339.776956520174,2339.512383298645,29.68836284835203,52.87038308157468,47.48682317730622,NaN,NaN,NaN,NaN,52.87038308157468,NaN
1716554100,2340.19,2340.625,2338.635,2340.02,2338.6183331693874,2339.7990513819764,2339.532289835953,32.64703477128889,51.71585749996258,47.450553778365034,NaN,NaN,NaN,NaN,NaN,NaN
1716554400,2340.02,2340.81,2339.295,2339.435,2338.6362818909392,2339.7659558017967,2339.5284745482686,33.65237324648508,47.7306335011276,47.16471830989551,NaN,NaN,NaN,NaN,NaN,NaN
1716554700,2339.435,2339.56,2337.62,2338.59,2338.635264706523,2339.659050728906,2339.491671624807,38.792128908850806,42.47720019015959,47.06935842505918,NaN,NaN,NaN,NaN,NaN,NaN
1716555000,2338.59,2339.65,2337.865,2338.22,2338.626138009676,2339.528227935369,2339.4418021493243,42.17643683983137,40.318214226834016,46.364770981411894,NaN,NaN,40.318214226834016,NaN,NaN,NaN
1716555300,2338.22,2340.225,2338.135,2339.415,2338.643475635837,2339.5179344866992,2339.440751084645,40.082006389313506,49.524747148118244,46.303651397199964,NaN,NaN,NaN,NaN,NaN,NaN
1716555600,2339.415,2340.835,2338.97,2340.66,2338.687794852632,2339.621758624272,2339.4885647676,33.93488457018744,57.17253162908754,47.19552815159536,NaN,NaN,NaN,NaN,NaN,NaN
1716555900,2340.66,2342.85,2340.425,2342.385,2338.7690521086183,2339.8729623857016,2339.6021504629884,34.29079884756516,65.27287163557652,49.051569296490776,NaN,NaN,NaN,NaN,NaN,NaN
1716556200,2342.385,2344.195,2341.66,2341.66,2338.8325894249124,2340.0354203506377,2339.682850444832,37.86517512014212,59.97549239402463,49.95362808538375,NaN,NaN,NaN,NaN,NaN,NaN
1716556500,2341.66,2342.625,2340.22,2342.315,2338.909125921068,2340.242654864216,2339.7860719960154,32.96208941921607,62.990589457906275,51.318680703702746,NaN,NaN,NaN,NaN,NaN,NaN
1716556800,2342.315,2343.54,2340.885,2342.07,2338.9785956810447,2340.4087771492873,2339.875637800093,31.959171348405686,61.07833891712031,52.070372238981754,NaN,NaN,NaN,NaN,NaN,NaN
1716557100,2342.07,2344.99,2341.615,2344.775,2339.1059891825603,2340.8057064993523,2340.0677696510697,34.76253831548733,71.64003180709436,53.637212931556874,NaN,NaN,NaN,NaN,71.64003180709436,NaN
1716557400,2344.775,2347.54,2344.23,2344.545,2339.2255278818448,2341.1456422721385,2340.243347311812,40.83936479023553,69.84933322280271,55.46709461187111,NaN,NaN,NaN,NaN,NaN,NaN
1716557700,2344.545,2345.46,2341.48,2341.67,2339.279252543782,2341.1933111564895,2340.299294476055,35.01339751546597,51.84918263861306,56.033243382143,NaN,NaN,NaN,NaN,NaN,NaN
1716558000,2341.67,2343.57,2340.52,2341.915,2339.3371810593035,2341.258919233172,2340.362655476994,28.433092012579436,52.99610352210549,56.042223413609484,NaN,NaN,NaN,NaN,NaN,NaN
1716558300,2341.915,2341.96,2339.425,2339.545,2339.3417485085497,2341.103108393793,2340.3305905563275,26.104585423016992,42.19376409274575,55.362073884522566,NaN,NaN,NaN,NaN,NaN,NaN
1716558600,2339.545,2340.435,2338.59,2339.05,2339.335336453417,2340.916462176175,2340.2803713188246,26.323012405857334,40.288021822747275,54.83045876463826,NaN,NaN,NaN,NaN,NaN,NaN
1716558900,2339.05,2339.1,2336.895,2337.605,2339.2973070808143,2340.6154201601594,2340.175454796518,30.005252798842037,35.14002674575964,54.30637494718111,NaN,NaN,35.14002674575964,NaN,NaN,NaN
1716559200,2337.605,2343.11,2337.565,2341.78,2339.351871760357,2340.7212910546905,2340.2383781378308,27.0995826816237,54.006932446030746,55.2841405342666,NaN,NaN,NaN,NaN,54.006932446030746,NaN
1716559500,2341.78,2343.25,2339.465,2340.725,2339.3820504029864,2340.7216282315367,2340.257461348112,25.07647945214691,49.929084856347494,55.31302179914012,NaN,NaN,NaN,NaN,NaN,NaN
1716559800,2340.725,2341.63,2337.785,2337.995,2339.3515657787448,2340.4737529377608,2340.1687373736763,21.601734727764995,41.023172772741916,54.159496166544,NaN,NaN,NaN,NaN,NaN,NaN
1716560100,2337.995,2340.13,2335.545,2339.71,2339.3594434539373,2340.40432085251,2340.150747672748,23.62504059068317,47.55303645418868,52.89379365358773,NaN,NaN,NaN,NaN,NaN,NaN
1716560400,2339.71,2339.71,2336.22,2337.39,2339.316158982422,2340.1302916841,2340.0424830581305,25.243685281017708,40.76838464035891,51.521857385468756,NaN,NaN,NaN,NaN,NaN,NaN
1716560700,2337.39,2338.59,2336.06,2336.865,2339.262287356435,2339.8334469855454,2339.9178758793805,26.92398831229158,39.35651451218209,49.83370917505989,NaN,NaN,39.35651451218209,NaN,NaN,NaN
1716561000,2336.865,2339.5,2336.77,2338.755,2339.251138183766,2339.735406350496,2339.8722729037186,23.80171682155865,46.7350886567271,48.80919129931751,NaN,NaN,NaN,NaN,NaN,NaN
1716561300,2338.755,2339.85,2336.755,2336.805,2339.1973769050023,2339.469005773178,2339.751987691808,19.648370936402532,41.01432324914034,46.621640688035086,NaN,NaN,NaN,NaN,NaN,NaN
1716561600,2336.805,2338.785,2336.595,2337.95,2339.169962027969,2339.330914339253,2339.6813215078155,17.11618326025012,45.37664602873024,44.87359160274419,NaN,NaN,NaN,NaN,NaN,NaN
1716561900,2337.95,2339.085,2336.24,2337.785,2339.13952330208,2339.1903766720484,2339.6069559584894,16.97984339586481,44.84560622106448,44.373336144347874,NaN,NaN,NaN,NaN,NaN,NaN
1716562200,2337.785,2338.915,2337.375,2338.725,2339.1304128998363,2339.1480697018624,2339.5723694503135,16.870771504356558,48.64960096518875,44.062871675996675,NaN,NaN,NaN,NaN,NaN,NaN
1716562500,2338.725,2338.985,2336.405,2338.535,2339.117326902038,2339.092336092602,2339.5316882953994,21.838715251733866,47.90752769230411,44.4709976473937,NaN,NaN,NaN,NaN,NaN,NaN
1716562800,2338.535,2339.47,2337.995,2339.395,2339.1234296074877,2339.1198509932747,2339.5263279700894,21.30702357793383,51.618987812890815,45.280352360975385,NaN,NaN,NaN,NaN,51.618987812890815,NaN
1716563100,2339.395,2340.315,2338.465,2338.71,2339.114343242488,2339.0825918120677,2339.494315108517,19.340090889081157,48.557213361024296,46.238722833494286,NaN,NaN,NaN,NaN,NaN,NaN
1716563400,2338.71,2339.38,2337.82,2339.3,2339.1184236107847,2339.1023561927886,2339.4866949081834,17.5706315606985,51.320516936886015,46.046836011412516,NaN,NaN,NaN,NaN,NaN,NaN
1716563700,2339.3,2340.23,2337.435,2337.435,2339.0814252896685,2338.9507783570807,2339.406236284333,17.37319608430077,43.17496649916936,45.56439898589979,NaN,NaN,NaN,NaN,NaN,NaN
1716564000,2337.435,2337.435,2334.725,2336.325,2339.0208445140715,2338.7120712337096,2339.2854034888687,22.10216973710378,39.073720551046854,45.42515239863586,NaN,NaN,NaN,NaN,NaN,NaN
1716564300,2336.325,2336.755,2333.765,2335,2338.932474304971,2338.3746102124633,2339.1173484500896,28.00289256796945,34.70167540144614,44.50719803772568,NaN,NaN,NaN,NaN,NaN,NaN
1716564600,2335,2336.065,2334.085,2335.355,2338.8538484960704,2338.1001001931486,2338.9698053736156,32.723470832661995,36.80662352952173,44.22421510123731,NaN,NaN,NaN,NaN,NaN,NaN
1716564900,2335.355,2335.355,2332.44,2333.97,2338.7465111664865,2337.724636539226,2338.7737345746505,39.6417379598351,32.2938996425778,43.71974261055129,NaN,NaN,NaN,NaN,NaN,NaN
1716565200,2333.97,2335.16,2333.505,2334.575,2338.654829602388,2337.438305944751,2338.609078316821,45.176351661573584,36.09666392100361,42.959855129428185,NaN,NaN,NaN,NaN,NaN,NaN
1716565500,2334.575,2334.61,2332.55,2334.34,2338.5599981825553,2337.1566417679555,2338.441663480867,51.09103452354441,35.242371202952,42.54757284041473,NaN,NaN,NaN,NaN,NaN,NaN
1716565800,2334.34,2334.995,2333.235,2333.51,2338.44900921151,2336.8251288799597,2338.24826491299,52.22850719489551,32.247340602860305,41.60976530999545,NaN,NaN,32.247340602860305,NaN,NaN,NaN
1716566100,2333.51,2335.005,2333.095,2334.64,2338.365294723345,2336.6264807999632,2338.106764328167,53.52452463135782,39.965202993633206,41.261165079464654,NaN,NaN,NaN,NaN,NaN,NaN
1716566400,2334.64,2334.905,2332.86,2333.185,2338.2514420920625,2336.3136189090574,2337.9137539623566,55.268862322104106,34.364719428803724,40.240816398294285,NaN,NaN,NaN,NaN,NaN,NaN
1716566700,2333.185,2334.47,2332.93,2333.255,2338.1416301779514,2336.0355626445976,2337.731057728539,56.66433247470114,34.85273338249954,39.3083310904511,NaN,NaN,NaN,NaN,NaN,NaN
1716567000,2333.255,2335.03,2333.18,2334.77,2338.0675284157987,2335.9205114950887,2337.6149378176156,49.932851144817455,44.73423919100556,38.81656333174501,NaN,NaN,NaN,NaN,NaN,NaN
1716567300,2334.77,2336.42,2334.73,2336.37,2338.030220098968,2335.9613740864443,2337.5661167267285,45.8914272744931,53.08463189593408,39.13995036995285,NaN,NaN,NaN,NaN,NaN,NaN
1716567600,2336.37,2336.8,2335.78,2336.785,2338.0028526242654,2336.0362491694946,2337.5354846982295,44.45418874189193,55.0423059249116,39.405792440526106,NaN,NaN,NaN,NaN,55.0423059249116,NaN
1716567900,2336.785,2337.015,2335.575,2335.745,2337.9532294896662,2336.0097719722676,2337.4652696120243,44.320414062765046,49.31267620097911,39.844200276369655,NaN,NaN,NaN,NaN,NaN,NaN
1716568200,2335.745,2336.605,2335.215,2335.955,2337.909312358025,2336.0047927020614,2337.4060433527293,39.96236326434304,50.469445029047804,40.65818059622687,NaN,NaN,NaN,NaN,NaN,NaN
1716568500,2335.955,2336.415,2334.765,2335.165,2337.848997800706,2335.928447910965,2337.318159299681,32.062109207151124,46.074318129145745,41.47051221963399,NaN,NaN,NaN,NaN,NaN,NaN
1716568800,2335.165,2335.495,2334.165,2334.24,2337.7696791677236,2335.7749526463317,2337.197447170282,30.484501826155242,41.38550154493102,41.797574935020364,NaN,NaN,NaN,NaN,NaN,NaN
1716569100,2334.24,2335.47,2334.175,2334.825,2337.704960944257,2335.688593314847,2337.1044100263493,29.222415921358536,45.297369296668535,42.726394196026845,NaN,NaN,NaN,NaN,NaN,NaN
1716569400,2334.825,2334.905,2333.68,2334.51,2337.634742022405,2335.5814484680427,2337.0026684566888,31.775692048367628,43.55812546895344,43.259355735166125,NaN,NaN,NaN,NaN,NaN,NaN
1716569700,2334.51,2335.1,2334.315,2334.325,2337.562000439495,2335.4672258800388,2336.897661850544,30.873614586753295,42.49342393087646,43.77728807287501,NaN,NaN,NaN,NaN,NaN,NaN
1716570000,2334.325,2334.525,2333.86,2334.07,2337.4852531770885,2335.3402053454897,2336.7867731505225,33.52992762552635,40.960060056340005,44.39962517669499,NaN,NaN,NaN,NaN,NaN,NaN
1716570300,2334.07,2334.565,2333.165,2333.29,2337.393049810559,2335.1538230413544,2336.6496447916784,39.085836973135,36.48545067214586,44.15107143944589,NaN,NaN,NaN,NaN,NaN,NaN
1716570600,2333.29,2334.56,2333.275,2333.965,2337.317708056481,2335.045748219413,2336.5443646037693,43.530564451221935,42.522932130854315,44.733800918163794,NaN,NaN,NaN,NaN,NaN,NaN
1716570900,2333.965,2334.6,2333.67,2334.14,2337.247868318976,2334.9634074721935,2336.4500757957785,46.2191033406319,44.05485451879404,45.39109528504196,NaN,NaN,NaN,NaN,NaN,NaN
1716571200,2334.14,2334.405,2333.29,2333.75,2337.1709920921853,2334.853097701994,2336.3441904704537,50.452204962774104,41.327360094814075,45.14774677817115,NaN,NaN,NaN,NaN,NaN,NaN
1716571500,2333.75,2334.125,2333.25,2333.535,2337.0910801780715,2334.7332706381762,2336.234026138279,54.03996404989305,39.81737028204823,44.20008523432216,NaN,NaN,NaN,NaN,NaN,NaN
1716571800,2333.535,2334.065,2332.745,2332.945,2336.999957536795,2334.57070058016,2336.105044721092,58.98045078468641,35.82613480760466,42.82750158308595,NaN,NaN,35.82613480760466,NaN,NaN,NaN
1716572100,2332.945,2334.29,2332.895,2334.1,2336.936222206316,2334.527909618327,2336.026415516343,57.41857046835144,47.3135252222228,42.68470508460335,NaN,NaN,NaN,NaN,NaN,NaN
1716572400,2334.1,2334.115,2332.485,2332.87,2336.8468546852982,2334.3771905621156,2335.902634515702,58.70817231434358,39.043724551487145,41.86858219334902,NaN,NaN,NaN,NaN,NaN,NaN
1716572700,2332.87,2333.75,2332.62,2333.425,2336.7716490878192,2334.2906277837415,2335.8054723778314,59.739853791137286,43.95497585477322,41.71720060232241,NaN,NaN,NaN,NaN,NaN,NaN
1716573000,2333.425,2333.535,2332.475,2332.475,2336.6772172397355,2334.1255707124924,2335.6748656179166,61.47304985818598,38.114455209067785,41.483554435475035,NaN,NaN,NaN,NaN,NaN,NaN
1716573300,2332.475,2332.845,2332.01,2332.775,2336.5914542234777,2334.002791556811,2335.561145397606,64.97592076214448,40.87120703668134,41.167399988333095,NaN,NaN,NaN,NaN,NaN,NaN
1716573600,2332.775,2335.225,2332.635,2334.905,2336.5543892954893,2334.084810506192,2335.535414205543,60.59034337272931,56.246858689265046,42.07373807549821,NaN,NaN,NaN,NaN,NaN,NaN
1716573900,2334.905,2335.725,2334.575,2335.725,2336.5361609593247,2334.2339186419927,2335.5428489425803,58.811595181095534,60.62642499961884,43.368952437551236,NaN,NaN,NaN,NaN,NaN,NaN
1716574200,2335.725,2335.845,2335.055,2335.39,2336.5109706085705,2334.339016947266,2335.5368548664005,57.809533196364505,57.991462877100105,44.58548121046267,NaN,NaN,NaN,NaN,NaN,NaN
1716574500,2335.39,2336.395,2335.39,2335.88,2336.497103122668,2334.4791063156963,2335.5503115383062,58.853656030710646,60.7629777964635,46.319590290771075,NaN,NaN,NaN,NaN,NaN,NaN
1716574800,2335.88,2336.285,2334.9,2334.9,2336.4620019551367,2334.5173693779057,2335.524809125039,53.755287501240126,52.99353241090901,47.067490310774986,NaN,NaN,NaN,NaN,NaN,NaN
1716575100,2334.9,2335.5,2334.615,2335.315,2336.4367931209576,2334.5898812526416,2335.516581316214,46.559991821769806,55.66109978646982,47.89650782989469,NaN,NaN,NaN,NaN,NaN,NaN
1716575400,2335.315,2336.1,2335.05,2335.88,2336.424555909508,2334.7071647751286,2335.5308330293037,44.671076828412914,59.16646001244944,49.17072925258293,NaN,NaN,NaN,NaN,NaN,NaN
1716575700,2335.88,2336.85,2335.78,2336.655,2336.4296206147933,2334.8842407046623,2335.574918008547,46.53961532601623,63.55749326460685,50.86645232276569,NaN,NaN,NaN,NaN,63.55749326460685,NaN
1716576000,2336.655,2336.76,2336.175,2336.36,2336.4280904913912,2335.018400640602,2335.605705537623,48.03444612409888,60.79260094176914,52.64977133234886,NaN,NaN,NaN,NaN,NaN,NaN
1716576300,2336.36,2336.475,2335.245,2335.37,2336.4048357553165,2335.050364218729,2335.5964621832068,38.68392792643135,52.30768353409619,53.006496926054105,NaN,NaN,NaN,NaN,NaN,NaN
1716576600,2335.37,2335.94,2334.86,2334.94,2336.372641562892,2335.0403311079353,2335.570718568179,33.73952608570116,49.006701799443974,53.71813815805102,NaN,NaN,NaN,NaN,NaN,NaN
1716576900,2334.94,2335.205,2334.805,2334.995,2336.342363726345,2335.036210098123,2335.548141369427,30.234380693698515,49.45997993226372,54.111352735014634,NaN,NaN,NaN,NaN,NaN,NaN
1716577200,2334.995,2334.995,2333.24,2333.4,2336.2776963917,2334.8874637255662,2335.46390053141,35.509171194531305,38.44769455712441,54.1351555455901,NaN,NaN,NaN,NaN,NaN,NaN
1716577500,2333.4,2333.72,2333.165,2333.52,2336.2170876797945,2334.763148841424,2335.3876691380215,39.97260420212339,39.572395219159574,54.04238327290998,NaN,NaN,NaN,NaN,NaN,NaN
1716577800,2333.52,2333.755,2332.985,2333.125,2336.14912970881,2334.614226219476,2335.2989370149617,44.19847118360901,37.09346998151384,52.674284079499174,NaN,NaN,NaN,NaN,NaN,NaN
1716578100,2333.125,2333.435,2332.17,2332.545,2336.069918066858,2334.4261147449783,2335.190939484963,49.954719293333824,33.65396661233838,50.747679908979144,NaN,NaN,NaN,NaN,NaN,NaN
1716578400,2332.545,2332.675,2332.11,2332.41,2335.989480307147,2334.242831586344,2335.0818830345725,54.70742278371989,32.865821769223146,48.95299125841651,NaN,NaN,32.865821769223146,NaN,NaN,NaN
1716578700,2332.41,2333.1,2332.02,2333.055,2335.9249862344623,2334.134846896676,2335.0023974253736,51.73979454030524,40.28926866147931,47.490583463060496,NaN,NaN,NaN,NaN,NaN,NaN
1716579000,2333.055,2333.21,2332.42,2332.445,2335.848503020518,2333.9812244515238,2334.902107330261,47.70680606863322,36.09517009802373,46.28355758356869,NaN,NaN,NaN,NaN,NaN,NaN
1716579300,2332.445,2333.125,2331.975,2333.025,2335.786448009078,2333.8942949559305,2334.828495278094,47.63749371130322,42.426927995868034,45.33825959852571,NaN,NaN,NaN,NaN,NaN,NaN
1716579600,2333.025,2333.62,2333.005,2333.325,2335.7323502506365,2333.8425408690277,2334.7695346789533,40.42427447949592,45.52869484834639,44.36413351537549,NaN,NaN,NaN,NaN,NaN,NaN
1716579900,2333.325,2334.25,2332.84,2332.945,2335.6710898055676,2333.7609462445707,2334.6979842993865,36.244044023016095,42.31981579475381,42.847156553243124,NaN,NaN,NaN,NaN,NaN,NaN
1716580200,2332.945,2333.805,2332.945,2333.65,2335.6266702494013,2333.750860222337,2334.656886875881,32.899859657832245,49.63698179261913,42.050326614018125,NaN,NaN,NaN,NaN,NaN,NaN
1716580500,2333.65,2333.83,2333.33,2333.81,2335.5867434307333,2333.756236565761,2334.6236756258463,30.49792000320422,51.19811939059667,41.97107203233959,NaN,NaN,NaN,NaN,NaN,NaN
1716580800,2333.81,2335.16,2333.81,2334.715,2335.5675842344535,2333.8433968779646,2334.627256973852,36.968848687022295,59.155177572441254,42.69596315898225,NaN,NaN,NaN,NaN,59.155177572441254,NaN
1716581100,2334.715,2334.885,2334.115,2334.455,2335.5431318336964,2333.898997161786,2334.620501798407,42.14559163407675,56.2286290469489,43.17943809574548,NaN,NaN,NaN,NaN,NaN,NaN
1716581400,2334.455,2334.465,2334.155,2334.155,2335.512623441747,2333.9222701470785,2334.6022468259207,46.28698599172032,52.874972970072164,44.20995798238461,NaN,NaN,NaN,NaN,NaN,NaN
1716581700,2334.155,2334.405,2334.1,2334.105,2335.4816866628075,2333.9388819518895,2334.5827469503943,48.26203724703849,52.2973467165465,45.11888308934082,NaN,NaN,NaN,NaN,NaN,NaN
1716582000,2334.105,2334.575,2334.105,2334.575,2335.4617594834053,2333.996710865354,2334.582443148418,51.043086840721585,57.1827546496274,46.553831994206064,NaN,NaN,NaN,NaN,NaN,NaN
1716582300,2334.575,2334.745,2334.35,2334.64,2335.443698835418,2334.0551916957766,2334.5847002798523,54.37412590282648,57.84614414901815,48.28184467539749,NaN,NaN,NaN,NaN,NaN,NaN
1716582600,2334.64,2334.655,2333.815,2333.885,2335.4094417181564,2334.0397197234333,2334.5572610531913,44.79283590922989,48.20676721113365,49.377626492676804,NaN,NaN,NaN,NaN,NaN,NaN
1716582900,2333.885,2334.41,2333.855,2334.005,2335.378574867208,2334.036563384939,2334.5356037569877,37.12780391435263,49.68738586178861,50.048920578413174,NaN,NaN,NaN,NaN,NaN,NaN
1716583200,2334.005,2334.8,2334.005,2334.32,2335.355309485511,2334.0623303499447,2334.527148707694,36.49036791562201,53.55954716523186,51.29637608321376,NaN,NaN,NaN,NaN,NaN,NaN
1716583500,2334.32,2334.645,2334.195,2334.44,2335.335192793522,2334.096663954495,2334.5237311113137,35.980419116637506,55.024686537875695,52.196215979071454,NaN,NaN,NaN,NaN,NaN,NaN
1716583800,2334.44,2335,2333.745,2333.82,2335.3018918530047,2334.0715126859045,2334.496133812831,31.270668714143255,46.5871351306847,52.27181885638133,NaN,NaN,46.5871351306847,NaN,NaN,NaN
1716584100,2333.82,2334.225,2333.33,2334,2335.2732788452463,2334.0650115326403,2334.4766775848766,32.49880903570691,49.10466779604303,52.7564511421877,NaN,NaN,NaN,NaN,NaN,NaN
1716760800,2334,2336,2334,2336,2335.2892507387573,2334.2409195751275,2334.536415718803,35.11544179482982,67.82634147020462,54.0556911191581,NaN,NaN,NaN,NaN,NaN,NaN
1716761100,2336,2337.31,2335.73,2337.055,2335.328058414829,2334.4967450682975,2334.6351837298303,41.10309496210984,73.53267035458,55.65101618801405,NaN,NaN,NaN,NaN,73.53267035458,NaN
1716761400,2337.055,2337.395,2336.8,2336.915,2335.3629362518654,2334.716586425725,2334.724588289445,46.09033543909488,71.65871839301865,56.54412624662671,NaN,NaN,NaN,NaN,NaN,NaN
1716761700,2336.915,2337.6,2332.285,2334.315,2335.3399046858904,2334.680078568841,2334.708526003584,45.312038840351576,46.96243777223163,55.882255441289765,NaN,NaN,NaN,NaN,NaN,NaN
1716762000,2334.315,2335.56,2333.64,2335.245,2335.337818868618,2334.731435062583,2334.729564199522,44.68940156135693,53.35189040132263,55.916320972093374,NaN,NaN,NaN,NaN,NaN,NaN
1716762300,2335.245,2336.405,2334.505,2336.225,2335.3573173550217,2334.8672136932573,2334.788208740717,39.63786695569456,59.1183486062547,56.403535392786814,NaN,NaN,NaN,NaN,NaN,NaN
1716762600,2336.225,2336.615,2335.855,2336.435,2335.381002687878,2335.009739721143,2334.8527887901005,34.46488108191289,60.28719220648185,56.625280932562134,NaN,NaN,NaN,NaN,NaN,NaN
1716762900,2336.435,2340.025,2336.26,2338.22,2335.4433982332,2335.3015815646754,2334.9848362885277,35.97260541673246,68.73069448225942,57.40274881350793,NaN,NaN,NaN,NaN,NaN,NaN
1716763200,2338.22,2340.75,2338.22,2339.065,2335.522993876426,2335.6437105133414,2335.1448427085857,38.515835924476974,71.87588446217762,59.09340004572535,NaN,NaN,NaN,NaN,NaN,NaN
1716763500,2339.065,2339.25,2338.255,2338.79,2335.594796208812,2335.9297368303105,2335.287790053347,40.55042033067258,69.35339226496748,60.49811478880956,NaN,NaN,NaN,NaN,NaN,NaN
1716763800,2338.79,2339.015,2338.45,2339.015,2335.669965522904,2336.2102153002825,2335.4339551492944,42.17808785562906,70.30093059196354,61.69392789071896,NaN,NaN,NaN,NaN,NaN,NaN
1716764100,2339.015,2340.35,2338.945,2340.345,2335.77271353339,2336.586104818439,2335.6265451434397,46.4877524424746,75.31388483349093,63.14315634040577,NaN,NaN,NaN,NaN,75.31388483349093,NaN
1716764400,2340.345,2340.345,2339.01,2339.105,2335.84595059859,2336.81509528949,2335.7629551378145,49.935484111951034,64.10482576176337,64.39441995691139,NaN,NaN,NaN,NaN,NaN,NaN
1716764700,2339.105,2340.27,2338.895,2339.1,2335.917468167852,2337.0228138995362,2335.893819642214,51.45101354120393,64.06210872210929,65.46280859448756,NaN,NaN,NaN,NaN,NaN,NaN
1716765000,2339.1,2339.99,2338.48,2339.89,2336.0047765597674,2337.2834671813966,2336.0505325974214,48.05891924071118,67.82594559960134,65.46278031801589,NaN,NaN,NaN,NaN,NaN,NaN
1716765300,2339.89,2340.79,2339.35,2340.25,2336.0980781738385,2337.553151983088,2336.2152175936008,48.757820220728945,69.44617564102373,65.17088783847615,NaN,NaN,NaN,NaN,NaN,NaN
1716765600,2340.25,2340.25,2337.805,2337.845,2336.1364720601277,2337.579683620989,2336.279130629146,40.39678527438377,50.55037365527197,63.663148928637106,NaN,NaN,NaN,NaN,NaN,NaN
1716765900,2337.845,2338.765,2337.845,2338.765,2336.19424190496,2337.6874396554445,2336.376615702513,33.70795731730762,55.67641507643725,64.28557587893751,NaN,NaN,NaN,NaN,NaN,NaN
1716766200,2338.765,2338.765,2337.985,2338.48,2336.2444783466094,2337.7594905958586,2336.459101361238,28.356894951646698,53.75828086198117,64.31460376898455,NaN,NaN,NaN,NaN,NaN,NaN
1716766500,2338.48,2338.485,2337.28,2337.855,2336.279874426904,2337.7681732689625,2336.5138424843267,28.839733476496786,49.594977354789904,63.63436296530849,NaN,NaN,NaN,NaN,NaN,NaN
1716766800,2337.855,2338.095,2337.215,2337.92,2336.315921142796,2337.781975699057,2336.568985916314,29.62276998692624,50.042060245412735,62.90256782523213,NaN,NaN,NaN,NaN,NaN,NaN
1716767100,2337.92,2338.225,2337.65,2337.8,2336.3485382605368,2337.78361427187,2336.6172609784194,28.474240555894458,49.147840902830225,61.50379256955862,NaN,NaN,NaN,NaN,NaN,NaN
1716767400,2337.8,2337.975,2336.65,2336.74,2336.35714181525,2337.688740247155,2336.6220742733835,33.51228928105607,41.81426982636434,59.35653438128624,NaN,NaN,NaN,NaN,NaN,NaN
1716767700,2336.74,2337.3,2336.74,2337.28,2336.377424412717,2337.651582042868,2336.6478752822704,37.54272826118537,46.3459471602155,57.713145445232534,NaN,NaN,NaN,NaN,NaN,NaN
1716768000,2337.28,2337.375,2336.125,2336.74,2336.385393106943,2337.568710948062,2336.651488016299,43.29935871291553,42.65474891083363,55.73841818229467,NaN,NaN,NaN,NaN,NaN,NaN
1716768300,2336.74,2337.455,2336.6,2336.86,2336.3958240276693,2337.5042826800563,2336.6596649568364,46.48951368970906,43.7607114174338,53.48462008114774,NaN,NaN,NaN,NaN,NaN,NaN
1716768600,2336.86,2337.035,2335.575,2336.52,2336.398553169918,2337.414802436415,2336.6541878997054,52.34426860546242,41.255850309558355,51.85255040599024,NaN,NaN,NaN,NaN,NaN,NaN
1716768900,2336.52,2336.575,2335.745,2336.415,2336.398914638711,2337.3239113058316,2336.64480798207,57.028072538065125,40.461146431164394,50.16676738520846,NaN,NaN,NaN,NaN,NaN,NaN
1716769200,2336.415,2336.55,2336.09,2336.475,2336.4005868444538,2337.246737550756,2336.638148845518,60.77511568414729,41.180529713028854,48.26352339331043,NaN,NaN,NaN,NaN,NaN,NaN
1716769500,2336.475,2336.87,2336.265,2336.8,2336.4093651555645,2337.2061250461416,2336.6444959496152,56.807777477606024,45.167881040759205,46.52935949329153,NaN,NaN,NaN,NaN,45.167881040759205,NaN
1716769800,2336.8,2337.25,2336.07,2336.08,2336.4021263609366,2337.103750041947,2336.6223588535518,47.22779949537662,38.70868535396331,45.68352461462662,NaN,NaN,NaN,NaN,NaN,NaN
1716770100,2336.08,2336.08,2335.06,2335.73,2336.387354353004,2336.9788636744975,2336.5873643887066,47.401738638491864,35.93320760401406,44.27329550945354,NaN,NaN,NaN,NaN,NaN,NaN
1716770400,2335.73,2336.01,2334.525,2335.175,2336.3607092023885,2336.814876067725,2336.531977549934,49.84230434532348,31.902869298383365,42.71219468348227,NaN,NaN,31.902869298383365,NaN,NaN,NaN
1716770700,2335.175,2335.785,2334.755,2335.785,2336.3480562528853,2336.721250970659,2336.5026843126816,51.79475691078876,40.10672344561035,42.03446226139801,NaN,NaN,NaN,NaN,NaN,NaN
1716771000,2335.785,2336.39,2335.485,2335.865,2336.3374396319427,2336.6434099733265,2336.4776770847334,44.37177708837239,41.14002441695044,41.39860255936499,NaN,NaN,NaN,NaN,NaN,NaN
1716771300,2335.865,2336.65,2335.86,2336.28,2336.3361772224494,2336.610372703024,2336.469925042195,35.5739857001752,46.46371266617197,41.2068791138894,NaN,NaN,NaN,NaN,NaN,NaN
1716771600,2336.28,2337.315,2334.685,2335.865,2336.3258216790987,2336.5426115482037,2336.4462024915206,36.93401854123736,42.22068996996899,41.23590912414688,NaN,NaN,NaN,NaN,NaN,NaN
1716771900,2335.865,2337.625,2335.075,2337.485,2336.3512981257118,2336.6282832256397,2336.4869396487156,34.51485786920321,58.6132606836904,42.112145804395084,NaN,NaN,NaN,NaN,NaN,NaN
1716772200,2337.485,2339.63,2337.105,2339.55,2336.421599265806,2336.893893841491,2336.6070596624913,35.101626149020824,70.47653500772515,44.099416239887326,NaN,NaN,NaN,NaN,70.47653500772515,NaN
1716772500,2339.55,2339.615,2337.3,2337.75,2336.450794886338,2336.9717216740823,2336.6518808521973,35.57104077287491,55.162290073129945,44.9138147152942,NaN,NaN,NaN,NaN,NaN,NaN
1716772800,2337.75,2338.96,2337.225,2338.96,2336.5059422514732,2337.1524742491656,2336.7423953285816,35.1676340998337,61.42332582647148,46.35434868078799,NaN,NaN,NaN,NaN,NaN,NaN
1716773100,2338.96,2339.385,2337.91,2339.26,2336.566470993199,2337.3440674992416,2336.841124923539,37.06632846504335,62.85231167790285,47.95371762698359,NaN,NaN,NaN,NaN,NaN,NaN
1716773400,2339.26,2340.37,2338.49,2338.61,2336.611383718623,2337.459152272038,2336.9104925735965,42.19635631544069,57.70624342731665,49.13412574943272,NaN,NaN,NaN,NaN,NaN,NaN
1716773700,2338.61,2340.36,2338.25,2340.305,2336.6925620984334,2337.7178657018526,2337.043610511887,43.35881750210843,65.81574620623957,50.60897326125275,NaN,NaN,NaN,NaN,NaN,NaN
1716774000,2340.305,2340.415,2339.115,2339.12,2336.7459123819845,2337.8453324562297,2337.1250375506365,44.5512305828468,57.28366636812385,51.93575761940708,NaN,NaN,NaN,NaN,NaN,NaN
1716774300,2339.12,2340.13,2338.23,2338.795,2336.7909472746883,2337.9316658692996,2337.190526274141,35.83258836655476,55.10669861533127,53.30529269164402,NaN,NaN,NaN,NaN,NaN,NaN
1716774600,2338.795,2339.77,2338.355,2339.555,2336.8516956862336,2338.079241699363,2337.2832507339785,28.857674593521132,59.141239313692935,55.25089054988042,NaN,NaN,NaN,NaN,NaN,NaN
1716774900,2339.555,2340.39,2339.31,2339.75,2336.9153946821407,2338.231128817603,2337.379985999313,28.332468073825634,60.16191901214034,56.68340451891828,NaN,NaN,NaN,NaN,NaN,NaN
1716775200,2339.75,2339.98,2338.795,2339.28,2336.967364029786,2338.326480743275,2337.454496352281,22.93662470401573,56.38947278260617,57.77265083075083,NaN,NaN,NaN,NaN,NaN,NaN
1716775500,2339.28,2339.86,2338.945,2339.105,2337.0143450401206,2338.3972552211594,2337.519221985525,18.619950008167805,54.963620960725116,58.379787137504636,NaN,NaN,54.963620960725116,NaN,NaN,NaN
1716775800,2339.105,2339.585,2338.865,2339.24,2337.063260533744,2338.4738683828723,2337.5867034762887,16.1603522509246,55.91901141296103,59.35823866914692,NaN,NaN,NaN,NaN,NaN,NaN
1716776100,2339.24,2340.04,2339.125,2340.03,2337.1284635989364,2338.6153348935204,2337.682519026238,17.27071056736229,61.26222913080028,59.547450701083335,NaN,NaN,NaN,NaN,NaN,NaN
1716776400,2340.03,2340.85,2339.255,2340.85,2337.210255607751,2338.8184862668368,2337.8067339663853,23.94882127785018,66.01342751999286,59.22865730910246,NaN,NaN,NaN,NaN,NaN,NaN
1716776700,2340.85,2341.255,2340.31,2340.325,2337.27871152846,2338.9554420607606,2337.9054894971155,31.143739480676576,60.71589219019371,59.62534317460702,NaN,NaN,NaN,NaN,NaN,NaN
1716777000,2340.325,2340.4,2339.21,2340.22,2337.343355231131,2339.0704018734186,2337.996254614876,25.38045594965163,59.65210480109696,59.49882738708027,NaN,NaN,NaN,NaN,NaN,NaN
1716777300,2340.22,2340.945,2339.5,2340.745,2337.4181166546227,2339.2226380667444,2338.1040485515473,23.814210244821925,63.23109604213449,59.525883413096814,NaN,NaN,NaN,NaN,NaN,NaN
1716777600,2340.745,2341.285,2340.175,2341.14,2337.499916288587,2339.39694369704,2338.2231054710946,24.730475185853052,65.76943220574546,60.10182546869886,NaN,NaN,NaN,NaN,NaN,NaN
1716777900,2341.14,2344.5,2341.055,2344.37,2337.650907139387,2339.849039724582,2338.4641601585026,34.17908939431126,78.96398811629284,61.04098560513125,NaN,NaN,NaN,NaN,NaN,NaN
1716778200,2344.37,2346.535,2344.035,2346.03,2337.8350630264335,2340.4109452041653,2338.76085976013,43.55981680869225,82.75895017275428,62.86064873403342,NaN,NaN,NaN,NaN,NaN,NaN
1716778500,2346.03,2346.42,2344.71,2346.21,2338.019127575303,2340.9381320037864,2339.052982906792,51.064398740197035,83.1257180068847,64.86200726200151,NaN,NaN,NaN,NaN,83.1257180068847,NaN
1716778800,2346.21,2347.39,2345.29,2345.385,2338.1810148813406,2341.342392730715,2339.301297302604,57.80542745693097,75.0005742047426,65.99481689707649,NaN,NaN,NaN,NaN,NaN,NaN
1716779100,2345.385,2345.78,2343.69,2344.355,2338.3167068619705,2341.616266118832,2339.4994817221095,52.605379786807504,66.04531012875977,66.41505911969216,NaN,NaN,NaN,NaN,NaN,NaN
1716779400,2344.355,2345.69,2344.335,2344.695,2338.4568891287404,2341.89615101712,2339.703227536929,48.44534165070873,67.46992683083594,67.20652012313714,NaN,NaN,NaN,NaN,NaN,NaN
1716779700,2344.695,2345.18,2344.025,2344.69,2338.5938805764604,2342.150137288291,2339.898787241363,43.01238790307555,67.42370369058537,68.09652603241287,NaN,NaN,NaN,NaN,NaN,NaN
1716780000,2344.69,2346.285,2344.62,2345.605,2338.7479711132414,2342.464215716628,2340.1225602907216,42.79751115533316,71.40679792520098,69.20279649757286,NaN,NaN,NaN,NaN,NaN,NaN
1716780300,2345.605,2347.665,2345.105,2347.465,2338.9395541656977,2342.918832469662,2340.4104991028503,46.00026548890711,77.59442698882236,70.36938205886015,NaN,NaN,NaN,NaN,77.59442698882236,NaN
1716780600,2347.465,2347.625,2345.7,2345.965,2339.0939595686496,2343.195756790602,2340.6283226674445,48.56246895576628,64.99192722484784,70.29641775206409,NaN,NaN,NaN,NaN,NaN,NaN
1716780900,2345.965,2346.26,2344,2344.335,2339.2091472704374,2343.2993243550927,2340.773682562839,39.21865197256234,54.336483654050696,69.84074571376816,NaN,NaN,NaN,NaN,NaN,NaN
1716781200,2344.335,2345.015,2343.97,2344.905,2339.334330846911,2343.445294868266,2340.935695011355,31.583690072688743,57.071160468298515,69.6563925471397,NaN,NaN,NaN,NaN,NaN,NaN
1716781500,2344.905,2345.72,2344.795,2345.43,2339.4683015975284,2343.6257226075145,2341.1119422658116,29.18455106317412,59.550261970658916,69.39347582774859,NaN,NaN,NaN,NaN,NaN,NaN
1716781800,2345.43,2346.07,2345.33,2345.915,2339.6099872767036,2343.833838734104,2341.300297471074,28.940668136780108,61.813818368180534,69.11093198220824,NaN,NaN,NaN,NaN,NaN,NaN
1716782100,2345.915,2346.12,2345.5,2346.115,2339.7529545893035,2344.0412170310037,2341.4891093349534,29.008682267481557,62.768442820753755,67.95410731824117,NaN,NaN,NaN,NaN,NaN,NaN
1716782400,2346.115,2346.16,2344.345,2344.37,2339.8544281148133,2344.0711063918216,2341.602085439465,26.27824836852254,50.52381967700845,65.65159799711645,NaN,NaN,NaN,NaN,NaN,NaN
1716782700,2344.37,2344.635,2343.465,2343.535,2339.935319804598,2344.0223694471106,2341.6778860104664,28.283068750393458,45.77603736342558,62.983763665440804,NaN,NaN,NaN,NaN,NaN,NaN
1716783000,2343.535,2343.85,2343.03,2343.14,2340.005752336365,2343.942154042828,2341.7352238139774,31.576512921522298,43.62145604279029,60.74239808244421,NaN,NaN,NaN,NaN,NaN,NaN
1716783300,2343.14,2343.3,2341.485,2341.565,2340.040021515785,2343.7260491298434,2341.728548370292,38.30636457468759,36.094682144353655,58.60306751212949,NaN,NaN,36.094682144353655,NaN,NaN,NaN
1716783600,2341.565,2342.905,2341.1,2342.82,2340.1011199440095,2343.6436810271302,2341.7713503949867,44.410007534578874,44.56354028472784,56.96689704455034,NaN,NaN,NaN,NaN,NaN,NaN
1716783900,2342.82,2343.46,2342.435,2343.2,2340.1692271979873,2343.6033463883,2341.8273758696932,43.98594803618629,46.92966196094422,55.503036921004544,NaN,NaN,NaN,NaN,NaN,NaN
1716784200,2343.2,2343.56,2342.915,2343.145,2340.2346287980317,2343.5616785348184,2341.8790474042153,42.673743081955024,46.609732100343955,53.73181793351476,NaN,NaN,NaN,NaN,NaN,NaN
1716784500,2343.145,2343.15,2342.34,2342.56,2340.2857358574156,2343.470616849835,2341.905751427579,44.092709520467984,43.13450761966696,51.27039512143223,NaN,NaN,NaN,NaN,NaN,NaN
1716784800,2342.56,2342.66,2341.92,2342.13,2340.3262691352747,2343.3487425907592,2341.9145454892428,46.7611481688542,40.65863052105974,49.532302499733085,NaN,NaN,NaN,NaN,NaN,NaN
1716785100,2342.13,2342.455,2341.49,2342.125,2340.365801681752,2343.2374932643265,2341.9227986073115,50.28694484013639,40.62850087187836,48.55316087243506,NaN,NaN,40.62850087187836,NaN,NaN,NaN
1716785400,2342.125,2342.91,2341.94,2342.79,2340.4190807656696,2343.196812058479,2341.956806505064,47.26456388725865,46.48850040837904,47.797256582440816,NaN,NaN,NaN,NaN,NaN,NaN
1716785700,2342.79,2343.115,2342.4,2343.08,2340.4775625070833,2343.1861927804352,2342.000853308787,42.38695493827366,48.930872603210894,47.03872877048024,NaN,NaN,NaN,NaN,NaN,NaN
1716786000,2343.08,2343.395,2342.11,2342.505,2340.5221215728616,2343.124266164032,2342.020623767266,40.622527838654044,44.46028784766723,45.799190876157866,NaN,NaN,NaN,NaN,NaN,NaN
1716786300,2342.505,2342.97,2341.985,2342.97,2340.5759210987326,2343.110241967302,2342.0578542077656,40.13418911929083,48.67396884900344,44.79244273531856,NaN,NaN,NaN,NaN,NaN,NaN
1716786600,2342.97,2343.295,2342.485,2342.7,2340.622604151508,2343.0729472430016,2342.083036395696,34.65249145608268,46.402694824434356,44.49807667442042,NaN,NaN,NaN,NaN,NaN,NaN
1716786900,2342.7,2343.325,2342.7,2343.155,2340.678261203123,2343.080406584547,2342.1250741841004,29.79789452147889,50.7093713626141,44.85045767436245,NaN,NaN,NaN,NaN,NaN,NaN
1716787200,2343.155,2343.155,2342.355,2343.015,2340.7296180997578,2343.074460531406,2342.1599732357045,30.04196410355079,49.35358234625263,45.259895267466895,NaN,NaN,NaN,NaN,NaN,NaN
1716787500,2343.015,2343.335,2342.815,2343.065,2340.7809451744884,2343.0736004830965,2342.195464481363,26.81560116276992,49.88528473440609,46.244938309613495,NaN,NaN,NaN,NaN,NaN,NaN
1716787800,2343.065,2344.29,2341.96,2343.195,2340.8340013244997,2343.084636802815,2342.2346619526825,29.24336804587288,51.36044864128097,46.73043176365301,NaN,NaN,NaN,NaN,NaN,NaN
1716788100,2343.195,2343.4,2340.4,2342.46,2340.869737559126,2343.027851638923,2342.243498738852,29.125532614012865,43.34519221163561,46.47439821013097,NaN,NaN,NaN,NaN,NaN,NaN
1716788400,2342.46,2343.08,2341.64,2342.895,2340.9142488215625,2343.0157742172028,2342.2690478079166,29.031264268524858,48.618188134377284,46.617859355419064,NaN,NaN,NaN,NaN,NaN,NaN
1716788700,2342.895,2343.14,2341.925,2342.46,2340.9482213749347,2342.965249288366,2342.276536129175,28.224855811392036,44.06161289107854,46.68408116051989,NaN,NaN,NaN,NaN,NaN,NaN
1716789000,2342.46,2343.345,2341.74,2342.29,2340.977711015046,2342.9038629894235,2342.277064124109,24.874676008250795,42.33858132812706,46.804077646738975,NaN,NaN,42.33858132812706,NaN,NaN,NaN
1716789300,2342.29,2344.295,2342.095,2343.755,2341.038750333397,2342.981239081294,2342.335022393752,26.194919060633016,58.04725238811574,48.04827418361307,NaN,NaN,NaN,NaN,NaN,NaN
1716789600,2343.755,2343.84,2343.015,2343.25,2341.0873492271685,2343.0056718920855,2342.3709038685065,27.251113502538786,52.562678927459665,48.48214407783312,NaN,NaN,NaN,NaN,NaN,NaN
1716789900,2343.25,2344.65,2343.04,2344.545,2341.1633415518463,2343.145610810987,2342.45616254033,32.744630328549285,62.62463676380516,49.46027008930413,NaN,NaN,NaN,NaN,62.62463676380516,NaN
1716790200,2344.545,2344.595,2342.435,2342.61,2341.1951362430145,2343.096918919079,2342.4621953818855,29.696976810231803,46.31476644818173,49.59273284648374,NaN,NaN,NaN,NaN,NaN,NaN
1716790500,2342.61,2343.3,2341.665,2343.02,2341.2352431387726,2343.089926290072,2342.484070072792,26.760180971840036,49.41629848847202,49.64575639216007,NaN,NaN,NaN,NaN,NaN,NaN
1716790800,2343.02,2344.155,2342.945,2343.575,2341.2866663664918,2343.1340239000656,2342.5268516385645,24.7892007206672,53.460302676043455,50.14987123870357,NaN,NaN,NaN,NaN,NaN,NaN
1716791100,2343.575,2344.54,2343.14,2344.495,2341.357179193602,2343.2577490000594,2342.604033927248,25.457670278469624,59.43366787390901,50.77303527522464,NaN,NaN,NaN,NaN,NaN,NaN
1716791400,2344.495,2344.685,2342.985,2343.775,2341.4103181124237,2343.304771818236,2342.6499541653952,24.361040121729328,53.46636190865813,51.06680524396789,NaN,NaN,NaN,NaN,NaN,NaN
1716791700,2343.775,2344.49,2343.19,2343.83,2341.4634979341286,2343.35251983476,2342.696230472635,23.483735996337092,53.85956340015504,51.35068229152139,NaN,NaN,NaN,NaN,NaN,NaN
1716792000,2343.83,2344.07,2343.455,2343.49,2341.508036441071,2343.3650180316004,2342.7273586893944,22.781892696023302,50.905070761309744,51.31815530009487,NaN,NaN,NaN,NaN,NaN,NaN
1716792300,2343.49,2344.17,2342.9,2343.21,2341.545442233575,2343.350925483273,2342.7462857996143,21.622484857489173,48.47203793779398,51.68435856624904,NaN,NaN,NaN,NaN,NaN,NaN
1716792600,2343.21,2344.41,2341.665,2342.395,2341.5641138328374,2343.264023166612,2342.7325098859037,28.356625430640246,41.982519265437354,51.210382218467615,NaN,NaN,NaN,NaN,NaN,NaN
1716792900,2342.395,2342.845,2341.315,2341.455,2341.561715726621,2343.0995665151017,2342.6824114590054,35.00024055049575,35.83431788170461,50.622718289226626,NaN,NaN,NaN,NaN,NaN,NaN
1716793200,2341.455,2341.625,2339.565,2340.455,2341.537392304058,2342.8591513773654,2342.595061990025,43.90837647986716,30.546560276485053,49.78043107125219,NaN,NaN,30.546560276485053,NaN,NaN,NaN
1716793500,2340.455,2341.44,2339.89,2340.87,2341.5227243413315,2342.6783194339687,2342.52741250022,51.0348852233643,34.97125541979227,48.13214557351481,NaN,NaN,NaN,NaN,NaN,NaN
1716793800,2340.87,2341.225,2340.405,2340.67,2341.5039831470167,2342.4957449399717,2342.454572794329,56.73609221816201,33.817611158426956,46.79321216144104,NaN,NaN,NaN,NaN,NaN,NaN
1716794100,2340.67,2341.34,2339.935,2341.16,2341.4964230778514,2342.3743135817926,2342.4038052337673,62.10296464262014,39.271160466189905,45.12510671161139,NaN,NaN,NaN,NaN,NaN,NaN
1716794400,2341.16,2341.39,2340.295,2340.965,2341.484743449767,2342.246194165266,2342.34738149911,65.45942823545512,37.89057277368222,44.52337859200428,NaN,NaN,NaN,NaN,NaN,NaN
1716794700,2340.965,2340.97,2340.075,2340.305,2341.4588150222994,2342.0697219684234,2342.267288106988,68.66441977081108,33.46609410832595,43.3840782791367,NaN,NaN,NaN,NaN,NaN,NaN
1716795000,2340.305,2340.72,2339.425,2339.75,2341.421258648183,2341.858838153112,2342.168570926322,72.38575179877056,30.17401286575148,41.72077186411584,NaN,NaN,NaN,NaN,NaN,NaN
1716795300,2339.75,2339.785,2338.225,2338.935,2341.3666156009704,2341.5930346846476,2342.0417642233288,76.42954717264917,26.00076848943813,39.33270762236793,NaN,NaN,NaN,NaN,NaN,NaN
1716795600,2338.935,2339.925,2338.535,2338.765,2341.309437236114,2341.3359406224067,2341.9132636655513,77.44624663159264,25.193211678101164,37.313196891613856,NaN,NaN,NaN,NaN,NaN,NaN
1716795900,2338.765,2339.42,2338.64,2339.04,2341.2595594946606,2341.1272187476425,2341.8005866590593,78.25960619874743,29.14849193779689,35.54812035858827,NaN,NaN,NaN,NaN,NaN,NaN
1716796200,2339.04,2339.175,2338.66,2338.925,2341.208250494778,2340.9270170433115,2341.6878185547826,78.91029385247127,28.449560695551583,33.94415535389126,NaN,NaN,NaN,NaN,NaN,NaN
1716796500,2338.925,2339.65,2338.6,2338.645,2341.1519153190684,2340.719560948465,2341.568492336948,69.40371133120684,26.716493124448874,32.39018786722375,NaN,NaN,NaN,NaN,NaN,NaN
1716796800,2338.645,2339.105,2338.32,2338.355,2341.090444652715,2340.504600862241,2341.442473029617,64.11934446733784,24.96627891138118,31.174742127648308,NaN,NaN,24.96627891138118,NaN,NaN,NaN
1716797100,2338.355,2340.345,2338.235,2340.28,2341.072632682326,2340.4841826020374,2341.3968858519847,56.525554581235994,49.40997501779732,32.1444319230835,NaN,NaN,NaN,NaN,NaN,NaN
1716797400,2340.28,2341.73,2340.265,2341.49,2341.081805590407,2340.5756205473067,2341.400537387201,56.40285992903842,58.786853555639304,34.161595728737375,NaN,NaN,NaN,NaN,NaN,NaN
1716797700,2341.49,2343.345,2341.39,2341.795,2341.0974801928155,2340.686473224824,2341.4160065092715,59.56759330794414,60.820717220477704,36.00798585735776,NaN,NaN,NaN,NaN,NaN,NaN
1716798000,2341.795,2342.62,2341.39,2341.97,2341.116656452314,2340.803157477113,2341.437731744202,62.09938001106872,62.01576468035593,38.02213968035268,NaN,NaN,NaN,NaN,NaN,NaN
1716798300,2341.97,2343.445,2341.935,2342.72,2341.1518947720433,2340.9774158882847,2341.4880167738415,65.39136219797584,66.83317148944339,39.990854753442214,NaN,NaN,NaN,NaN,NaN,NaN
1716798600,2342.72,2343.76,2342.47,2343.09,2341.194490491339,2341.1694689893498,2341.5508396454557,68.44580611801754,68.98904383974518,42.21217411530386,NaN,NaN,NaN,NaN,NaN,NaN
1716798900,2343.09,2343.165,2342.34,2343.045,2341.2351610299906,2341.3399718084997,2341.6094341691633,69.14811507336618,68.38832761614148,44.7066193658621,NaN,NaN,NaN,NaN,NaN,NaN
1716799200,2343.045,2345.265,2343.045,2344.31,2341.302739908452,2341.6099743713635,2341.715338711549,72.47595698967535,75.14751587430774,47.919012437901834,NaN,NaN,NaN,NaN,NaN,NaN
1716799500,2344.31,2345.435,2343.43,2345.435,2341.3935588115633,2341.957703973967,2341.8612077816842,75.27334375553824,79.48252874670742,51.73913817056393,NaN,NaN,NaN,NaN,79.48252874670742,NaN
1716799800,2345.435,2345.595,2343.81,2344.58,2341.4635904860343,2342.1960945217884,2341.9678270843633,77.6546361883333,69.27812170872983,54.88806031560883,NaN,NaN,NaN,NaN,NaN,NaN
1716800100,2344.58,2346.33,2344.235,2344.34,2341.52680827755,2342.3909950198076,2342.060853473212,80.1575751910239,66.61087106688342,57.56394453911502,NaN,NaN,NaN,NaN,NaN,NaN
1716800400,2344.34,2344.49,2343.72,2344.325,2341.588306996725,2342.5668136543704,2342.149643533086,75.70939468876328,66.4332515268879,60.27706531278189,NaN,NaN,NaN,NaN,NaN,NaN
1716800700,2344.325,2344.395,2343.415,2343.635,2341.6332892605333,2342.663921503973,2342.2078928062983,68.62779361064236,58.46509898549058,62.544822874284876,NaN,NaN,58.46509898549058,NaN,NaN,NaN
1716801000,2343.635,2344.645,2343.49,2344.595,2341.6983818042577,2342.839474094521,2342.30150485311,64.18714995387003,64.96180845528791,65.40164641313535,NaN,NaN,NaN,NaN,NaN,NaN
1716801300,2344.595,2345.21,2344.385,2344.94,2341.769626160208,2343.030430995019,2342.4049752510273,63.04187791772037,67.02156397016466,66.65961705259016,NaN,NaN,NaN,NaN,NaN,NaN
1716801600,2344.94,2345.105,2344.36,2345.09,2341.8426014094343,2343.2176645409263,2342.510270339222,61.73669176572504,67.93225705739513,67.31286015985845,NaN,NaN,NaN,NaN,67.93225705739513,NaN
1716801900,2345.09,2345.865,2344.8,2344.85,2341.9086980817547,2343.3660586735696,2342.6020244435663,63.4585781106636,64.75332300961097,67.59376057336796,NaN,NaN,NaN,NaN,NaN,NaN
1716802200,2344.85,2345.765,2344.795,2344.915,2341.9747706513863,2343.506871521427,2342.692729367348,64.74720966424782,65.24277508379085,67.82426131647046,NaN,NaN,NaN,NaN,NaN,NaN
1716802500,2344.915,2345.23,2344.35,2344.53,2342.030929538169,2343.5998832012974,2342.7647791960794,58.13459823618838,59.77954532129532,67.32043087588845,NaN,NaN,NaN,NaN,NaN,NaN
1716802800,2344.53,2344.77,2343.845,2343.845,2342.070799218649,2343.622166546634,2342.807140796233,46.54169862271466,51.28911708022369,66.0561503930655,NaN,NaN,NaN,NaN,NaN,NaN
1716803100,2343.845,2344.395,2343.73,2344.345,2342.120781653404,2343.6878786787584,2342.8674490003023,38.553616709677044,56.32054362080592,65.19416582197009,NaN,NaN,NaN,NaN,NaN,NaN
1716803400,2344.345,2344.405,2343.195,2343.46,2342.150215023659,2343.667162435235,2342.890686294408,37.253918777193654,46.81128871795952,63.170149596516644,NaN,NaN,NaN,NaN,NaN,NaN
1716803700,2343.46,2343.91,2343.075,2343.37,2342.177023484677,2343.6401476683955,2342.9094829103137,37.17878619357913,45.93493489499851,60.77389289282315,NaN,NaN,45.93493489499851,NaN,NaN,NaN
1716804000,2343.37,2343.68,2342.445,2343.515,2342.206429561937,2343.6287706076323,2342.9332286785366,41.13069382654179,47.6880591748525,59.231745568974766,NaN,NaN,NaN,NaN,NaN,NaN
1716804300,2343.515,2344.38,2343.28,2343.98,2342.245409132004,2343.660700552393,2342.97427853428,34.68054872509499,53.10623974134116,58.26712904572175,NaN,NaN,NaN,NaN,NaN,NaN
1716804600,2343.98,2344.985,2343.635,2344.78,2342.301114425806,2343.76245504763,2343.045091140779,31.38174485454946,60.85635900093979,57.86877957958261,NaN,NaN,NaN,NaN,NaN,NaN
1716804900,2344.78,2345.305,2344.575,2344.725,2342.354386636228,2343.849959134209,2343.1109699195717,31.052410822292696,60.09764003934084,57.98538965485762,NaN,NaN,NaN,NaN,NaN,NaN
1716805200,2344.725,2344.965,2344.395,2344.965,2342.411762754113,2343.9513264856446,2343.1836769815495,28.44619585137302,62.37216272459162,57.80041495980789,NaN,NaN,NaN,NaN,NaN,NaN
1716805500,2344.965,2345.65,2344.57,2345.325,2342.4757899463307,2344.0762058960404,2343.2676504332535,31.28742303463857,65.63679385545797,57.70150280875741,NaN,NaN,NaN,NaN,65.63679385545797,NaN
1716805800,2345.325,2345.455,2344.47,2344.775,2342.5263220354223,2344.139732632764,2343.326762180969,32.0774500587796,57.2108097686126,56.93568514527294,NaN,NaN,NaN,NaN,NaN,NaN
1716806100,2344.775,2345.015,2343.685,2345.015,2342.581018254424,2344.219302393422,2343.392967585637,27.750097906121585,59.718016611152414,56.5760204025259,NaN,NaN,NaN,NaN,NaN,NaN
1716806400,2345.015,2345.675,2344.705,2345.585,2342.64703983125,2344.3434567212926,2343.4789296411022,25.8985553965053,65.11246977671914,56.56671288059221,NaN,NaN,NaN,NaN,NaN,NaN
1716806700,2345.585,2345.95,2344.285,2345.235,2342.703918076717,2344.424506110266,2343.5477951453727,21.107262219482234,59.66141197172881,56.5582747841946,NaN,NaN,NaN,NaN,NaN,NaN
1716807000,2345.235,2345.785,2344.555,2344.93,2342.7528429541517,2344.470460100242,2343.6019992573188,17.27422767786378,55.18788886195946,56.83675848289001,NaN,NaN,NaN,NaN,NaN,NaN
1716807300,2344.93,2345.125,2344.435,2344.975,2342.801681570544,2344.5163273638564,2343.6558424236982,15.609731063987613,55.73203540789511,56.79472218196781,NaN,NaN,NaN,NaN,NaN,NaN
1716807600,2344.975,2345.45,2343.8,2344.83,2342.846259997565,2344.5448430580514,2343.7018878188474,20.12417431689112,53.410065628821656,57.26606338988654,NaN,NaN,NaN,NaN,NaN,NaN
1716807900,2344.83,2345.365,2344.43,2344.53,2342.883265272344,2344.5434936891374,2343.7343628063436,23.73572891921393,48.74171754826262,57.466547865119686,NaN,NaN,NaN,NaN,NaN,NaN
1716808200,2344.53,2344.88,2343.86,2344.32,2342.914841859765,2344.523176081034,2343.7573289708007,30.463593447582195,45.639070056001955,57.32019149948751,NaN,NaN,NaN,NaN,NaN,NaN
1716808500,2344.32,2344.34,2343.56,2343.885,2342.9361640166935,2344.465160073667,2343.762335677828,37.291855488349206,39.80704946657386,56.370249337004125,NaN,NaN,39.80704946657386,NaN,NaN,NaN
1716808800,2343.885,2345.62,2343.275,2344.99,2342.981303269074,2344.512872794243,2343.810479376737,32.54864565714284,55.76234548639208,56.00639122882215,NaN,NaN,NaN,NaN,NaN,NaN
1716809100,2344.99,2345.4,2344.6,2344.6,2343.016879021402,2344.520793449312,2343.841440969806,28.75407779217774,50.51171815499137,55.32168252279718,NaN,NaN,NaN,NaN,NaN,NaN
1716809400,2344.6,2345.6,2344.585,2345.435,2343.070024537415,2344.603903135738,2343.903933480794,27.514458404548087,59.568422787951796,55.12141538446576,NaN,NaN,NaN,NaN,NaN,NaN
1716809700,2345.435,2345.9,2345.185,2345.46,2343.122551470659,2344.681730123398,2343.9649556972336,29.048355562351517,59.81308310868414,54.70543604541049,NaN,NaN,NaN,NaN,59.81308310868414,NaN
1716810000,2345.46,2346.09,2344.565,2344.735,2343.1579898998752,2344.6865728394528,2343.9951535130285,24.215255882084634,50.053471222839896,54.19419757785529,NaN,NaN,NaN,NaN,NaN,NaN
1716810300,2344.735,2345.91,2343.275,2344.39,2343.185067044933,2344.65961167223,2344.010637688988,28.6296392093192,46.078169008044554,53.21992274906187,NaN,NaN,NaN,NaN,NaN,NaN
1716810600,2344.39,2344.52,2343.85,2344.28,2343.209131505484,2344.625101520209,2344.021200916871,32.161145871106854,44.81717927880809,51.77025914206822,NaN,NaN,44.81717927880809,NaN,NaN,NaN
1716810900,2344.28,2345.37,2343.82,2345.195,2343.252776966902,2344.676910472917,2344.067232253464,25.93205223734992,55.9570189817401,51.505659642783314,NaN,NaN,NaN,NaN,NaN,NaN
1716811200,2345.195,2345.225,2344.175,2344.205,2343.2737049456514,2344.6340095208334,2344.072634910191,20.948777330344377,45.029050657793746,50.78002834248577,NaN,NaN,NaN,NaN,NaN,NaN
1716811500,2344.205,2345.79,2343.795,2345.5,2343.3226345072853,2344.7127359280303,2344.1286100117522,21.47002260682384,57.18247107586786,50.883630890198106,NaN,NaN,NaN,NaN,NaN,NaN
1716811800,2345.5,2345.5,2344.49,2345.02,2343.359939243389,2344.740669025482,2344.1635664818796,21.88701882800741,52.41035151150343,50.8122227389611,NaN,NaN,NaN,NaN,NaN,NaN
1716812100,2345.02,2348.4,2344.715,2348.355,2343.469720798479,2345.06924456862,2344.3279364237665,32.32819219764494,71.05708485052067,52.40617754626523,NaN,NaN,NaN,NaN,NaN,NaN
1716812400,2348.355,2349.985,2347.72,2348.025,2343.5698368248864,2345.3379496078364,2344.472919309109,42.293238847319756,68.122436762163,54.01213231099103,NaN,NaN,NaN,NaN,NaN,NaN
1716812700,2348.025,2349.28,2347.92,2349.105,2343.691488762801,2345.6804087343967,2344.654569532281,50.2652761670596,72.2847499145341,56.33196805727391,NaN,NaN,NaN,NaN,NaN,NaN
1716813000,2349.105,2349.68,2348.13,2348.205,2343.79068681197,2345.9099170312697,2344.7938020996426,57.03295783789433,64.48814120094639,56.95523917974207,NaN,NaN,NaN,NaN,NaN,NaN
1716813300,2348.205,2348.5950000000003,2347.74,2348.155,2343.8866057831356,2346.1140154829727,2344.9256137820093,58.119533126191754,64.06161869739049,57.92308921848486,NaN,NaN,NaN,NaN,NaN,NaN
1716813600,2348.155,2348.8,2347.72,2348.51,2343.988218842847,2346.331832257248,2345.066177947421,59.52694136803143,65.84378281915382,58.37132922071358,NaN,NaN,NaN,NaN,NaN,NaN